Using the license keys ICCompilerIIs-Shell and ICCompilerII-NX in this mode.

                                IC Compiler (TM)
                              IC Compiler-PC (TM)
                              IC Compiler-XP (TM)
                              IC Compiler-DP (TM)
                              IC Compiler-AG (TM)

               Version Q-2019.12-SP5 for linux64 - Jul 15, 2020 

                    Copyright (c) 1988 - 2020 Synopsys, Inc.
   This software and the associated documentation are proprietary to Synopsys,
 Inc. This software may only be used in accordance with the terms and conditions
 of a written license agreement with Synopsys, Inc. All other use, reproduction,
            or distribution of this software is strictly prohibited.
Initializing...
Starting shell in Shared License mode...
Initializing gui preferences from file  /home/vdevaraj/.synopsys_icc_prefs.tcl
set TOP riscv_core_synth
riscv_core_synth
set PROJECT_DIR /home/vdevaraj/Projects/RISC_v_single_cycle
/home/vdevaraj/Projects/RISC_v_single_cycle
set PHYS_DIR     $PROJECT_DIR/lib/saed90_phys/ref
/home/vdevaraj/Projects/RISC_v_single_cycle/lib/saed90_phys/ref
set LIB_DIR      $PHYS_DIR/models
/home/vdevaraj/Projects/RISC_v_single_cycle/lib/saed90_phys/ref/models
set NETLIST_DIR  $PROJECT_DIR/Results_front_end/Design_best_freq_saed_90nm
/home/vdevaraj/Projects/RISC_v_single_cycle/Results_front_end/Design_best_freq_saed_90nm
set REPORT_DIR   $PROJECT_DIR/backend/icc90/reports_ref
/home/vdevaraj/Projects/RISC_v_single_cycle/backend/icc90/reports_ref
set OUTPUT_DIR   $PROJECT_DIR/backend/icc90/outputs_ref
/home/vdevaraj/Projects/RISC_v_single_cycle/backend/icc90/outputs_ref
set MW_DIR       $PROJECT_DIR/backend/icc90/mw
/home/vdevaraj/Projects/RISC_v_single_cycle/backend/icc90/mw
set TECH_FILE    $PHYS_DIR/techfiles/saed90nm_icc_1p9m.tf
/home/vdevaraj/Projects/RISC_v_single_cycle/lib/saed90_phys/ref/techfiles/saed90nm_icc_1p9m.tf
set MW_REF_LIB   "$PHYS_DIR/saed90nm_fr $PHYS_DIR/saed90nm_dv"
/home/vdevaraj/Projects/RISC_v_single_cycle/lib/saed90_phys/ref/saed90nm_fr /home/vdevaraj/Projects/RISC_v_single_cycle/lib/saed90_phys/ref/saed90nm_dv
set MAX_TLU      $PHYS_DIR/tluplus/saed90nm_1p9m_1t_Cmax.tluplus
/home/vdevaraj/Projects/RISC_v_single_cycle/lib/saed90_phys/ref/tluplus/saed90nm_1p9m_1t_Cmax.tluplus
set MIN_TLU      $PHYS_DIR/tluplus/saed90nm_1p9m_1t_Cmin.tluplus
/home/vdevaraj/Projects/RISC_v_single_cycle/lib/saed90_phys/ref/tluplus/saed90nm_1p9m_1t_Cmin.tluplus
set MAP_FILE     $PHYS_DIR/tluplus/tech2itf.map
/home/vdevaraj/Projects/RISC_v_single_cycle/lib/saed90_phys/ref/tluplus/tech2itf.map
set search_path "$LIB_DIR $NETLIST_DIR"
/home/vdevaraj/Projects/RISC_v_single_cycle/lib/saed90_phys/ref/models /home/vdevaraj/Projects/RISC_v_single_cycle/Results_front_end/Design_best_freq_saed_90nm
set target_library "saed90nm_typ_ht.db"
saed90nm_typ_ht.db
set link_library "* saed90nm_typ_ht.db"
* saed90nm_typ_ht.db
file mkdir $REPORT_DIR
file mkdir $OUTPUT_DIR
file mkdir $MW_DIR
set MW_LIB $MW_DIR/riscv_core_synth_90nm_mw_ref
/home/vdevaraj/Projects/RISC_v_single_cycle/backend/icc90/mw/riscv_core_synth_90nm_mw_ref
if {[file exists $MW_LIB]} {
    sh rm -rf $MW_LIB
}
create_mw_lib $MW_LIB     -technology $TECH_FILE     -mw_reference_library $MW_REF_LIB     -open
Start to load technology file /home/vdevaraj/Projects/RISC_v_single_cycle/lib/saed90_phys/ref/techfiles/saed90nm_icc_1p9m.tf.
Information: Non-metal layer 'DIFF_33' has the metal layer attribute 'endOfLineCornerKeepoutWidth'. (line 1577) (TFCHK-046)
Warning: DesignRule attribute 'layer2' is assigned a non-physical layer 'DNW'. (line 1951) (TFCHK-079)
Warning: DesignRule attribute 'layer2' is assigned a non-physical layer 'RPOLY'. (line 2154) (TFCHK-079)
Warning: Layer 'M1' has a pitch 0.32 that does not match the recommended wire-to-via pitch 0.33. (TFCHK-049)
Warning: Layer 'M2' has a pitch 0.32 that does not match the recommended wire-to-via pitch 0.36. (TFCHK-049)
Warning: Layer 'M3' has a pitch 0.32 that does not match the recommended wire-to-via pitch 0.36. (TFCHK-049)
Warning: Layer 'M4' has a pitch 0.32 that does not match the recommended wire-to-via pitch 0.36. (TFCHK-049)
Warning: Layer 'M5' has a pitch 0.32 that does not match the recommended wire-to-via pitch 0.36. (TFCHK-049)
Warning: Layer 'M6' has a pitch 0.32 that does not match the recommended wire-to-via pitch 0.36. (TFCHK-049)
Warning: Layer 'M7' has a pitch 0.32 that does not match the recommended wire-to-via pitch 0.36. (TFCHK-049)
Warning: Layer 'M8' has a pitch 0.32 that does not match the recommended wire-to-via pitch 0.465 or 0.5. (TFCHK-049)
Warning: Layer 'M3' has a pitch 0.32 that does not match the doubled pitch 0.64 or tripled pitch 0.96. (TFCHK-050)
Warning: Layer 'M4' has a pitch 0.32 that does not match the doubled pitch 0.64 or tripled pitch 0.96. (TFCHK-050)
Warning: Layer 'M5' has a pitch 0.32 that does not match the doubled pitch 0.64 or tripled pitch 0.96. (TFCHK-050)
Warning: Layer 'M6' has a pitch 0.32 that does not match the doubled pitch 0.64 or tripled pitch 0.96. (TFCHK-050)
Warning: Layer 'M7' has a pitch 0.32 that does not match the doubled pitch 0.64 or tripled pitch 0.96. (TFCHK-050)
Warning: Layer 'M8' has a pitch 0.32 that does not match the doubled pitch 0.64 or tripled pitch 0.96. (TFCHK-050)
Warning: Layer 'M9' has a pitch 0.9 that does not match the doubled pitch 0.64 or tripled pitch 0.96. (TFCHK-050)
Technology file /home/vdevaraj/Projects/RISC_v_single_cycle/lib/saed90_phys/ref/techfiles/saed90nm_icc_1p9m.tf has been loaded successfully.
{riscv_core_synth_90nm_mw_ref}
set_tlu_plus_files     -max_tluplus $MAX_TLU     -min_tluplus $MIN_TLU     -tech2itf_map $MAP_FILE
1
read_ddc $NETLIST_DIR/riscv_core_synth_saed90nm_17ns.ddc
Loading db file '/home/vdevaraj/Projects/RISC_v_single_cycle/lib/saed90_phys/ref/models/saed90nm_typ_ht.db'
Warning: Unit conflict found: Milkyway technology file capacitance unit is pF; main library capacitance unit is fF. (IFS-007)
Warning: Unit conflict found: Milkyway technology file resistance unit is kOhm; main library resistance unit is MOhm. (IFS-007)
Loading db file '/opt/cec/synopsys/icc/Q-2019.12-SP5/libraries/syn/gtech.db'
Loading db file '/opt/cec/synopsys/icc/Q-2019.12-SP5/libraries/syn/standard.sldb'
Information: linking reference library : /home/vdevaraj/Projects/RISC_v_single_cycle/lib/saed90_phys/ref/saed90nm_fr. (PSYN-878)
Warning: The 'RSDFFNSRASX1' cell in the '/home/vdevaraj/Projects/RISC_v_single_cycle/lib/saed90_phys/ref/saed90nm_fr' physical library does not 
	have corresponding logical cell description. (PSYN-025)
Warning: The 'RDFFSRASX1' cell in the '/home/vdevaraj/Projects/RISC_v_single_cycle/lib/saed90_phys/ref/saed90nm_fr' physical library does not 
	have corresponding logical cell description. (PSYN-025)
Warning: The 'RSDFFSRASX2' cell in the '/home/vdevaraj/Projects/RISC_v_single_cycle/lib/saed90_phys/ref/saed90nm_fr' physical library does not 
	have corresponding logical cell description. (PSYN-025)
Warning: The 'RDFFNSRX1' cell in the '/home/vdevaraj/Projects/RISC_v_single_cycle/lib/saed90_phys/ref/saed90nm_fr' physical library does not 
	have corresponding logical cell description. (PSYN-025)
Warning: The 'RDFFNSRX2' cell in the '/home/vdevaraj/Projects/RISC_v_single_cycle/lib/saed90_phys/ref/saed90nm_fr' physical library does not 
	have corresponding logical cell description. (PSYN-025)
Warning: The 'RDFFNSRASX1' cell in the '/home/vdevaraj/Projects/RISC_v_single_cycle/lib/saed90_phys/ref/saed90nm_fr' physical library does not 
	have corresponding logical cell description. (PSYN-025)
Warning: The 'RDFFNSRASX2' cell in the '/home/vdevaraj/Projects/RISC_v_single_cycle/lib/saed90_phys/ref/saed90nm_fr' physical library does not 
	have corresponding logical cell description. (PSYN-025)
Warning: The 'RDFFSRASX2' cell in the '/home/vdevaraj/Projects/RISC_v_single_cycle/lib/saed90_phys/ref/saed90nm_fr' physical library does not 
	have corresponding logical cell description. (PSYN-025)
Warning: The 'RDFFSRASRX1' cell in the '/home/vdevaraj/Projects/RISC_v_single_cycle/lib/saed90_phys/ref/saed90nm_fr' physical library does not 
	have corresponding logical cell description. (PSYN-025)
Warning: The 'RDFFSRASRX2' cell in the '/home/vdevaraj/Projects/RISC_v_single_cycle/lib/saed90_phys/ref/saed90nm_fr' physical library does not 
	have corresponding logical cell description. (PSYN-025)
Warning: The 'RSDFFNSRASX2' cell in the '/home/vdevaraj/Projects/RISC_v_single_cycle/lib/saed90_phys/ref/saed90nm_fr' physical library does not 
	have corresponding logical cell description. (PSYN-025)
Warning: The 'RSDFFNSRASRX1' cell in the '/home/vdevaraj/Projects/RISC_v_single_cycle/lib/saed90_phys/ref/saed90nm_fr' physical library does not 
	have corresponding logical cell description. (PSYN-025)
Warning: The 'RSDFFNSRASRX2' cell in the '/home/vdevaraj/Projects/RISC_v_single_cycle/lib/saed90_phys/ref/saed90nm_fr' physical library does not 
	have corresponding logical cell description. (PSYN-025)
Warning: The 'RSDFFNSRASRQX1' cell in the '/home/vdevaraj/Projects/RISC_v_single_cycle/lib/saed90_phys/ref/saed90nm_fr' physical library does not 
	have corresponding logical cell description. (PSYN-025)
Warning: The 'RSDFFNSRASRQX2' cell in the '/home/vdevaraj/Projects/RISC_v_single_cycle/lib/saed90_phys/ref/saed90nm_fr' physical library does not 
	have corresponding logical cell description. (PSYN-025)
Warning: The 'RSDFFNSRASRNX1' cell in the '/home/vdevaraj/Projects/RISC_v_single_cycle/lib/saed90_phys/ref/saed90nm_fr' physical library does not 
	have corresponding logical cell description. (PSYN-025)
Warning: The 'RSDFFNSRASRNX2' cell in the '/home/vdevaraj/Projects/RISC_v_single_cycle/lib/saed90_phys/ref/saed90nm_fr' physical library does not 
	have corresponding logical cell description. (PSYN-025)
Warning: The 'RDFFNSRARX1' cell in the '/home/vdevaraj/Projects/RISC_v_single_cycle/lib/saed90_phys/ref/saed90nm_fr' physical library does not 
	have corresponding logical cell description. (PSYN-025)
Warning: The 'RDFFNSRARX2' cell in the '/home/vdevaraj/Projects/RISC_v_single_cycle/lib/saed90_phys/ref/saed90nm_fr' physical library does not 
	have corresponding logical cell description. (PSYN-025)
Warning: The 'RDFFSRARX1' cell in the '/home/vdevaraj/Projects/RISC_v_single_cycle/lib/saed90_phys/ref/saed90nm_fr' physical library does not 
	have corresponding logical cell description. (PSYN-025)
Warning: The 'RDFFSRARX2' cell in the '/home/vdevaraj/Projects/RISC_v_single_cycle/lib/saed90_phys/ref/saed90nm_fr' physical library does not 
	have corresponding logical cell description. (PSYN-025)
Warning: The 'RSDFFNSRARX1' cell in the '/home/vdevaraj/Projects/RISC_v_single_cycle/lib/saed90_phys/ref/saed90nm_fr' physical library does not 
	have corresponding logical cell description. (PSYN-025)
Warning: The 'RSDFFNSRARX2' cell in the '/home/vdevaraj/Projects/RISC_v_single_cycle/lib/saed90_phys/ref/saed90nm_fr' physical library does not 
	have corresponding logical cell description. (PSYN-025)
Warning: The 'RSDFFSRARX1' cell in the '/home/vdevaraj/Projects/RISC_v_single_cycle/lib/saed90_phys/ref/saed90nm_fr' physical library does not 
	have corresponding logical cell description. (PSYN-025)
Warning: The 'RSDFFSRARX2' cell in the '/home/vdevaraj/Projects/RISC_v_single_cycle/lib/saed90_phys/ref/saed90nm_fr' physical library does not 
	have corresponding logical cell description. (PSYN-025)
Warning: The 'RDFFNSRASRX1' cell in the '/home/vdevaraj/Projects/RISC_v_single_cycle/lib/saed90_phys/ref/saed90nm_fr' physical library does not 
	have corresponding logical cell description. (PSYN-025)
Warning: The 'RDFFNSRASRX2' cell in the '/home/vdevaraj/Projects/RISC_v_single_cycle/lib/saed90_phys/ref/saed90nm_fr' physical library does not 
	have corresponding logical cell description. (PSYN-025)
Warning: The 'RDFFSRSSRX1' cell in the '/home/vdevaraj/Projects/RISC_v_single_cycle/lib/saed90_phys/ref/saed90nm_fr' physical library does not 
	have corresponding logical cell description. (PSYN-025)
Warning: The 'RDFFSRSSRX2' cell in the '/home/vdevaraj/Projects/RISC_v_single_cycle/lib/saed90_phys/ref/saed90nm_fr' physical library does not 
	have corresponding logical cell description. (PSYN-025)
Warning: The 'RSDFFSRSSRX1' cell in the '/home/vdevaraj/Projects/RISC_v_single_cycle/lib/saed90_phys/ref/saed90nm_fr' physical library does not 
	have corresponding logical cell description. (PSYN-025)
Warning: The 'RSDFFSRSSRX2' cell in the '/home/vdevaraj/Projects/RISC_v_single_cycle/lib/saed90_phys/ref/saed90nm_fr' physical library does not 
	have corresponding logical cell description. (PSYN-025)
Warning: The 'RDFFSRX1' cell in the '/home/vdevaraj/Projects/RISC_v_single_cycle/lib/saed90_phys/ref/saed90nm_fr' physical library does not 
	have corresponding logical cell description. (PSYN-025)
Warning: The 'RDFFSRX2' cell in the '/home/vdevaraj/Projects/RISC_v_single_cycle/lib/saed90_phys/ref/saed90nm_fr' physical library does not 
	have corresponding logical cell description. (PSYN-025)
Warning: The 'RSDFFSRX1' cell in the '/home/vdevaraj/Projects/RISC_v_single_cycle/lib/saed90_phys/ref/saed90nm_fr' physical library does not 
	have corresponding logical cell description. (PSYN-025)
Warning: The 'RSDFFSRX2' cell in the '/home/vdevaraj/Projects/RISC_v_single_cycle/lib/saed90_phys/ref/saed90nm_fr' physical library does not 
	have corresponding logical cell description. (PSYN-025)
Warning: The 'RSDFFSRASX1' cell in the '/home/vdevaraj/Projects/RISC_v_single_cycle/lib/saed90_phys/ref/saed90nm_fr' physical library does not 
	have corresponding logical cell description. (PSYN-025)
Warning: The 'RSDFFSRASRX1' cell in the '/home/vdevaraj/Projects/RISC_v_single_cycle/lib/saed90_phys/ref/saed90nm_fr' physical library does not 
	have corresponding logical cell description. (PSYN-025)
Warning: The 'RSDFFSRASRX2' cell in the '/home/vdevaraj/Projects/RISC_v_single_cycle/lib/saed90_phys/ref/saed90nm_fr' physical library does not 
	have corresponding logical cell description. (PSYN-025)
Warning: The 'RDFFNSRASRNX1' cell in the '/home/vdevaraj/Projects/RISC_v_single_cycle/lib/saed90_phys/ref/saed90nm_fr' physical library does not 
	have corresponding logical cell description. (PSYN-025)
Warning: The 'RDFFNSRASRNX2' cell in the '/home/vdevaraj/Projects/RISC_v_single_cycle/lib/saed90_phys/ref/saed90nm_fr' physical library does not 
	have corresponding logical cell description. (PSYN-025)
Warning: The 'RDFFNSRASRQX1' cell in the '/home/vdevaraj/Projects/RISC_v_single_cycle/lib/saed90_phys/ref/saed90nm_fr' physical library does not 
	have corresponding logical cell description. (PSYN-025)
Warning: The 'RDFFNSRASRQX2' cell in the '/home/vdevaraj/Projects/RISC_v_single_cycle/lib/saed90_phys/ref/saed90nm_fr' physical library does not 
	have corresponding logical cell description. (PSYN-025)
Warning: The 'RSDFFNSRX1' cell in the '/home/vdevaraj/Projects/RISC_v_single_cycle/lib/saed90_phys/ref/saed90nm_fr' physical library does not 
	have corresponding logical cell description. (PSYN-025)
Warning: The 'RSDFFNSRX2' cell in the '/home/vdevaraj/Projects/RISC_v_single_cycle/lib/saed90_phys/ref/saed90nm_fr' physical library does not 
	have corresponding logical cell description. (PSYN-025)
Information: linking reference library : /home/vdevaraj/Projects/RISC_v_single_cycle/lib/saed90_phys/ref/saed90nm_dv. (PSYN-878)
Warning: The 'RSDFFSRSSRX1' cell in the '/home/vdevaraj/Projects/RISC_v_single_cycle/lib/saed90_phys/ref/saed90nm_dv' physical library does not 
	have corresponding logical cell description. (PSYN-025)
Warning: The 'RSDFFSRSSRX2' cell in the '/home/vdevaraj/Projects/RISC_v_single_cycle/lib/saed90_phys/ref/saed90nm_dv' physical library does not 
	have corresponding logical cell description. (PSYN-025)
Warning: The 'RSDFFSRX1' cell in the '/home/vdevaraj/Projects/RISC_v_single_cycle/lib/saed90_phys/ref/saed90nm_dv' physical library does not 
	have corresponding logical cell description. (PSYN-025)
Warning: The 'RSDFFSRX2' cell in the '/home/vdevaraj/Projects/RISC_v_single_cycle/lib/saed90_phys/ref/saed90nm_dv' physical library does not 
	have corresponding logical cell description. (PSYN-025)
  Loading link library 'saed90nm_typ_ht'
  Loading link library 'gtech'
Reading ddc file '/home/vdevaraj/Projects/RISC_v_single_cycle/Results_front_end/Design_best_freq_saed_90nm/riscv_core_synth_saed90nm_17ns.ddc'.
Warning: This file contains packed commands (constraints) that are not
         compatible with this version of the tool.  All instances of the
         following commands will be removed, which may result in data loss:
  Command #303 differs:
    File version: create_regtran_data_hier -cell %p -data %s
    Tool version: <does not exist>
  Command #307 differs:
    File version: save_constraints_source_file file_list %sl
    Tool version: <does not exist>
Warning: DDC file was written with a newer version of dc_shell.
         Some embedded commands may be ignored. (DDC-12)
Warning: Ignoring unknown packed command #307: save_constraints_source_file (DDC-13)
Warning: Ignoring unknown packed command #303: create_regtran_data_hier (DDC-13)
Loaded 2 designs.
Current design is 'riscv_core_synth'.
riscv_core_synth regfile
current_design $TOP
Current design is 'riscv_core_synth'.
{riscv_core_synth}
link

  Linking design 'riscv_core_synth'
  Using the following designs and libraries:
  --------------------------------------------------------------------------
  * (2 designs)               /home/vdevaraj/Projects/RISC_v_single_cycle/Results_front_end/Design_best_freq_saed_90nm/riscv_core_synth_saed90nm_17ns.ddc, etc
  saed90nm_typ_ht (library)   /home/vdevaraj/Projects/RISC_v_single_cycle/lib/saed90_phys/ref/models/saed90nm_typ_ht.db

Info: Creating auto CEL.
Information: Performing CEL netlist consistency check. (MWDC-118)
Information: CEL consistency check PASSED. (MWDC-119)
1
read_sdc $NETLIST_DIR/riscv_core_synth_saed90nm_17ns.sdc
 Info: hierarchy_separator was changed to /

Reading SDC version 2.1...
 Info: hierarchy_separator was changed to /
1
# Ignore async reset pins
set_false_path -to [get_pins -hierarchical */RSTB]
Reading reference libraries ...
1
derive_pg_connection -power_net VDD -power_pin VDD -ground_net VSS -ground_pin VSS
Information: connected 5026 power ports and 5026 ground ports
1
derive_pg_connection -power_net VDD -ground_net VSS -tie
reconnected total 0 tie highs and 1 tie lows
1
check_timing > $REPORT_DIR/check_timing_before_place.rpt
report_timing -max_paths 10 > $REPORT_DIR/timing_before_place.rpt
report_area > $REPORT_DIR/area_before_place.rpt
report_qor > $REPORT_DIR/qor_before_place.rpt
create_floorplan     -control_type aspect_ratio     -core_aspect_ratio 1.0     -core_utilization 0.70     -left_io2core 10     -bottom_io2core 10     -right_io2core 10     -top_io2core 10
There are 164 pins in total
Start to create wire tracks ...
WARNING : No routing direction for layer M3, set to H
WARNING : No routing direction for layer M4, set to V
WARNING : No routing direction for layer M5, set to H
WARNING : No routing direction for layer M6, set to V
WARNING : No routing direction for layer M7, set to H
WARNING : No routing direction for layer M8, set to V
WARNING : No routing direction for layer M9, set to H
Number of terminals created: 164.
=-=-=-=-=-=-=-=-=-=-=-=-=-=-=-=-=-=-=-=-=-=-=-=-=-=-=-=-=-=-=-=-=-=-=-=-=-=-=-=-=-=-
Name                                    Original Ports
__auto_cel_zeus-2.cec.gmu.edu_3450139              164
=-=-=-=-=-=-=-=-=-=-=-=-=-=-=-=-=-=-=-=-=-=-=-=-=-=-=-=-=-=-=-=-=-=-=-=-=-=-=-=-=-=-
Completed pin assignment.
Elapsed =    0:00:00, CPU =    0:00:00
Planner Summary:
This floorplan is created by using tile name (unit).
	Row Direction = HORIZONTAL
	Control Parameter =  Aspect Ratio
	Core Utilization = 0.704
	Number Of Rows = 110
	Core Width = 318.4
	Core Height = 316.8
	Aspect Ratio = 0.995
	Double Back ON
	Flip First Row = NO
	Start From First Row = NO
Planner run through successfully.
1
create_fp_placement
Warning: No scan chain found. (VFP-425)
CPU time for freeing timing design =    0:00:00
Elapsed time for freeing timing design =    0:00:00
num_cpus = 1
Reference Point: Lower Left-hand corner of Core Base Array
Reference Point: Lower Left-hand corner of Core Base Array
Reference Point: Lower Left-hand corner of Core Base Array
Reference Point: Lower Left-hand corner of Core Base Array
Reference Point: Lower Left-hand corner of Core Base Array
flip_chip = 0
*** Performing global placement...
Transferring Data From Milkyway...
Number of plan group pins = 0
Auto detecting hierarchy nodes for grouping ...
Warning: No hierarchy information in design. Hierarchy gravity turned off. (VFP-415)
  4 blocks freed
  0 bytes freed
Placement Effort Level: Low
Placement Design Stats
Num std     cells  = 5026 (fixed = 0)
Num macros  cells  = 0 (fixed = 0)
Num IOs     cells  = 0
Num bump    cells  = 0
Num LS/ISO  cells  = 0
Num no type cells  = 0
Num other   cells  = 0
Num cells with no net connections = 0
Num non-zero wt nets = 5139
Num     zero wt nets = 0
A net with highest fanout (74) is u_regfile/n1988
grouping macros ...
0 macro arrays generated automatically.
0 array cells created
No large HMs were processed
coarse place 0% done.
coarse place 25% done.
coarse place 50% done.
coarse place 75% done.
coarse place 100% done.
*********************************************
Report     : Virtual Flat Placement
Design     : __auto_cel_zeus-2.cec.gmu.edu_3450139
Version    : Q-2019.12-SP5
Date       : Wed May  6 17:30:53 2026
*********************************************

Total wirelength: 249925.81
Number of 100x100 tracks cell density regions: 81
Number of low (< 10%) cell density regions: 0 (0.000%)
Number of high (> 200%) cell density regions: 0 (0.000%)
Maximum cell density: 73.88% (at 73 105 105 136)
Checking hard macro to hard macro overlaps...
Number of hard macro to hard macro overlaps: 0
Checking hard macro to std cell overlaps...
Number of hard macro to std cell overlaps: 0
Checking plan group to plan group overlaps...
Number of plan group to plan group overlaps: 0
Number of TL cells overlapping PG: 0
Number of cells violating core area: 0
Total number of cells violating plan group or core area: 0
Transferring Data to Milkyway ...
*** global placement done.
Begin Overlap Removal...
Reference Point: Lower Left-hand corner of Core Base Array
[begin initializing data for legality checker]

Initializing Data Structure ...
INFO: legalizer_via_spacing_check_mode 0
  Reading technology information ...
    Technology table contains 9 routable metal layers
    This is considered as a 9-metal-layer design
    Reading library information from DB ...
  Reading misc information ...
    array <unit> has 0 vertical and 110 horizontal rows
  Checking information read in ...
    design style = Horizontal masters, Horizontal rows

  Preprocessing design ...
    splitting rows by natural obstacles ...
... design style 0
... number of base array 1 0
INFO:... use original rows...
[end initializing data for legality checker]
Information: Running legalization in Fast-Mode! (DPI-029)
 
****************************************
  Report : Chip Summary
  Design : riscv_core_synth
  Version: Q-2019.12-SP5
  Date   : Wed May  6 17:30:53 2026
****************************************
Std cell utilization: 70.42%  (77078/(109450-0))
(Non-fixed + Fixed)
Std cell utilization: 70.42%  (77078/(109450-0))
(Non-fixed only)
Chip area:            109450   sites, bbox (10.00 10.00 328.40 326.80) um
Std cell area:        77078    sites, (non-fixed:77078  fixed:0)
                      5026     cells, (non-fixed:5026   fixed:0)
Macro cell area:      0        sites
                      0        cells
Placement blockages:  0        sites, (excluding fixed std cells)
                      0        sites, (include fixed std cells & chimney area)
                      0        sites, (complete p/g net blockages)
Routing blockages:    0        sites, (partial p/g net blockages)
                      0        sites, (routing blockages and signal pre-route)
Lib cell count:       36 
Avg. std cell width:  3.85 um 
Site array:           unit     (width: 0.32 um, height: 2.88 um, rows: 110)
Physical DB scale:    1000 db_unit = 1 um 

 
****************************************
  Report : pnet options
  Design : riscv_core_synth
  Version: Q-2019.12-SP5
  Date   : Wed May  6 17:30:53 2026
****************************************


--------------------------------------------------------------------
Layer      Blockage   Min_width   Min_height   Via_additive     Density
--------------------------------------------------------------------
M1         none          ---         ---       via additive      ---
M2         none          ---         ---       via additive      ---
M3         none          ---         ---       via additive      ---
M4         none          ---         ---       via additive      ---
M5         none          ---         ---       via additive      ---
M6         none          ---         ---       via additive      ---
M7         none          ---         ---       via additive      ---
M8         none          ---         ---       via additive      ---
M9         none          ---         ---       via additive      ---
Legalizing 5026 illegal cells...
Starting legalizer.
Initial legalization:  100% (0 sec)
Optimizations pass 1: 10% 20% 30% 40% 50% 60% 70% 80% 90% 100% (0.1 sec)
Optimizations pass 2: 10% 20% 30% 40% 50% 60% 70% 80% 90% 100% (0.1 sec)
Optimizations pass 3: 10% 20% 30% 40% 50% 60% 70% 80% 90% 100% (0.1 sec)
Legalization complete (0 total sec)
 
****************************************
  Report : Legalize Displacement
  Design : riscv_core_synth
  Version: Q-2019.12-SP5
  Date   : Wed May  6 17:30:54 2026
****************************************

avg cell displacement:    0.898 um ( 0.31 row height)
max cell displacement:    3.650 um ( 1.27 row height)
std deviation:            0.519 um ( 0.18 row height)
number of cell moved:      5026 cells (out of 5026 cells)

Total 0 cells has large displacement (e.g. > 8.640 um or 3 row height)

Information: Fast-Mode Legalization Done! (DPI-030)
Completed Overlap Removal.
1
place_opt -power -continue_on_missing_scandef
Information: linking reference library : /home/vdevaraj/Projects/RISC_v_single_cycle/lib/saed90_phys/ref/saed90nm_fr. (PSYN-878)
Warning: The 'RSDFFNSRASX1' cell in the '/home/vdevaraj/Projects/RISC_v_single_cycle/lib/saed90_phys/ref/saed90nm_fr' physical library does not 
	have corresponding logical cell description. (PSYN-025)
Warning: The 'RDFFSRASX1' cell in the '/home/vdevaraj/Projects/RISC_v_single_cycle/lib/saed90_phys/ref/saed90nm_fr' physical library does not 
	have corresponding logical cell description. (PSYN-025)
Warning: The 'RSDFFSRASX2' cell in the '/home/vdevaraj/Projects/RISC_v_single_cycle/lib/saed90_phys/ref/saed90nm_fr' physical library does not 
	have corresponding logical cell description. (PSYN-025)
Warning: The 'RDFFNSRX1' cell in the '/home/vdevaraj/Projects/RISC_v_single_cycle/lib/saed90_phys/ref/saed90nm_fr' physical library does not 
	have corresponding logical cell description. (PSYN-025)
Warning: The 'RDFFNSRX2' cell in the '/home/vdevaraj/Projects/RISC_v_single_cycle/lib/saed90_phys/ref/saed90nm_fr' physical library does not 
	have corresponding logical cell description. (PSYN-025)
Warning: The 'RDFFNSRASX1' cell in the '/home/vdevaraj/Projects/RISC_v_single_cycle/lib/saed90_phys/ref/saed90nm_fr' physical library does not 
	have corresponding logical cell description. (PSYN-025)
Warning: The 'RDFFNSRASX2' cell in the '/home/vdevaraj/Projects/RISC_v_single_cycle/lib/saed90_phys/ref/saed90nm_fr' physical library does not 
	have corresponding logical cell description. (PSYN-025)
Warning: The 'RDFFSRASX2' cell in the '/home/vdevaraj/Projects/RISC_v_single_cycle/lib/saed90_phys/ref/saed90nm_fr' physical library does not 
	have corresponding logical cell description. (PSYN-025)
Warning: The 'RDFFSRASRX1' cell in the '/home/vdevaraj/Projects/RISC_v_single_cycle/lib/saed90_phys/ref/saed90nm_fr' physical library does not 
	have corresponding logical cell description. (PSYN-025)
Warning: The 'RDFFSRASRX2' cell in the '/home/vdevaraj/Projects/RISC_v_single_cycle/lib/saed90_phys/ref/saed90nm_fr' physical library does not 
	have corresponding logical cell description. (PSYN-025)
Warning: The 'RSDFFNSRASX2' cell in the '/home/vdevaraj/Projects/RISC_v_single_cycle/lib/saed90_phys/ref/saed90nm_fr' physical library does not 
	have corresponding logical cell description. (PSYN-025)
Warning: The 'RSDFFNSRASRX1' cell in the '/home/vdevaraj/Projects/RISC_v_single_cycle/lib/saed90_phys/ref/saed90nm_fr' physical library does not 
	have corresponding logical cell description. (PSYN-025)
Warning: The 'RSDFFNSRASRX2' cell in the '/home/vdevaraj/Projects/RISC_v_single_cycle/lib/saed90_phys/ref/saed90nm_fr' physical library does not 
	have corresponding logical cell description. (PSYN-025)
Warning: The 'RSDFFNSRASRQX1' cell in the '/home/vdevaraj/Projects/RISC_v_single_cycle/lib/saed90_phys/ref/saed90nm_fr' physical library does not 
	have corresponding logical cell description. (PSYN-025)
Warning: The 'RSDFFNSRASRQX2' cell in the '/home/vdevaraj/Projects/RISC_v_single_cycle/lib/saed90_phys/ref/saed90nm_fr' physical library does not 
	have corresponding logical cell description. (PSYN-025)
Warning: The 'RSDFFNSRASRNX1' cell in the '/home/vdevaraj/Projects/RISC_v_single_cycle/lib/saed90_phys/ref/saed90nm_fr' physical library does not 
	have corresponding logical cell description. (PSYN-025)
Warning: The 'RSDFFNSRASRNX2' cell in the '/home/vdevaraj/Projects/RISC_v_single_cycle/lib/saed90_phys/ref/saed90nm_fr' physical library does not 
	have corresponding logical cell description. (PSYN-025)
Warning: The 'RDFFNSRARX1' cell in the '/home/vdevaraj/Projects/RISC_v_single_cycle/lib/saed90_phys/ref/saed90nm_fr' physical library does not 
	have corresponding logical cell description. (PSYN-025)
Warning: The 'RDFFNSRARX2' cell in the '/home/vdevaraj/Projects/RISC_v_single_cycle/lib/saed90_phys/ref/saed90nm_fr' physical library does not 
	have corresponding logical cell description. (PSYN-025)
Warning: The 'RDFFSRARX1' cell in the '/home/vdevaraj/Projects/RISC_v_single_cycle/lib/saed90_phys/ref/saed90nm_fr' physical library does not 
	have corresponding logical cell description. (PSYN-025)
Warning: The 'RDFFSRARX2' cell in the '/home/vdevaraj/Projects/RISC_v_single_cycle/lib/saed90_phys/ref/saed90nm_fr' physical library does not 
	have corresponding logical cell description. (PSYN-025)
Warning: The 'RSDFFNSRARX1' cell in the '/home/vdevaraj/Projects/RISC_v_single_cycle/lib/saed90_phys/ref/saed90nm_fr' physical library does not 
	have corresponding logical cell description. (PSYN-025)
Warning: The 'RSDFFNSRARX2' cell in the '/home/vdevaraj/Projects/RISC_v_single_cycle/lib/saed90_phys/ref/saed90nm_fr' physical library does not 
	have corresponding logical cell description. (PSYN-025)
Warning: The 'RSDFFSRARX1' cell in the '/home/vdevaraj/Projects/RISC_v_single_cycle/lib/saed90_phys/ref/saed90nm_fr' physical library does not 
	have corresponding logical cell description. (PSYN-025)
Warning: The 'RSDFFSRARX2' cell in the '/home/vdevaraj/Projects/RISC_v_single_cycle/lib/saed90_phys/ref/saed90nm_fr' physical library does not 
	have corresponding logical cell description. (PSYN-025)
Warning: The 'RDFFNSRASRX1' cell in the '/home/vdevaraj/Projects/RISC_v_single_cycle/lib/saed90_phys/ref/saed90nm_fr' physical library does not 
	have corresponding logical cell description. (PSYN-025)
Warning: The 'RDFFNSRASRX2' cell in the '/home/vdevaraj/Projects/RISC_v_single_cycle/lib/saed90_phys/ref/saed90nm_fr' physical library does not 
	have corresponding logical cell description. (PSYN-025)
Warning: The 'RDFFSRSSRX1' cell in the '/home/vdevaraj/Projects/RISC_v_single_cycle/lib/saed90_phys/ref/saed90nm_fr' physical library does not 
	have corresponding logical cell description. (PSYN-025)
Warning: The 'RDFFSRSSRX2' cell in the '/home/vdevaraj/Projects/RISC_v_single_cycle/lib/saed90_phys/ref/saed90nm_fr' physical library does not 
	have corresponding logical cell description. (PSYN-025)
Warning: The 'RSDFFSRSSRX1' cell in the '/home/vdevaraj/Projects/RISC_v_single_cycle/lib/saed90_phys/ref/saed90nm_fr' physical library does not 
	have corresponding logical cell description. (PSYN-025)
Warning: The 'RSDFFSRSSRX2' cell in the '/home/vdevaraj/Projects/RISC_v_single_cycle/lib/saed90_phys/ref/saed90nm_fr' physical library does not 
	have corresponding logical cell description. (PSYN-025)
Warning: The 'RDFFSRX1' cell in the '/home/vdevaraj/Projects/RISC_v_single_cycle/lib/saed90_phys/ref/saed90nm_fr' physical library does not 
	have corresponding logical cell description. (PSYN-025)
Warning: The 'RDFFSRX2' cell in the '/home/vdevaraj/Projects/RISC_v_single_cycle/lib/saed90_phys/ref/saed90nm_fr' physical library does not 
	have corresponding logical cell description. (PSYN-025)
Warning: The 'RSDFFSRX1' cell in the '/home/vdevaraj/Projects/RISC_v_single_cycle/lib/saed90_phys/ref/saed90nm_fr' physical library does not 
	have corresponding logical cell description. (PSYN-025)
Warning: The 'RSDFFSRX2' cell in the '/home/vdevaraj/Projects/RISC_v_single_cycle/lib/saed90_phys/ref/saed90nm_fr' physical library does not 
	have corresponding logical cell description. (PSYN-025)
Warning: The 'RSDFFSRASX1' cell in the '/home/vdevaraj/Projects/RISC_v_single_cycle/lib/saed90_phys/ref/saed90nm_fr' physical library does not 
	have corresponding logical cell description. (PSYN-025)
Warning: The 'RSDFFSRASRX1' cell in the '/home/vdevaraj/Projects/RISC_v_single_cycle/lib/saed90_phys/ref/saed90nm_fr' physical library does not 
	have corresponding logical cell description. (PSYN-025)
Warning: The 'RSDFFSRASRX2' cell in the '/home/vdevaraj/Projects/RISC_v_single_cycle/lib/saed90_phys/ref/saed90nm_fr' physical library does not 
	have corresponding logical cell description. (PSYN-025)
Warning: The 'RDFFNSRASRNX1' cell in the '/home/vdevaraj/Projects/RISC_v_single_cycle/lib/saed90_phys/ref/saed90nm_fr' physical library does not 
	have corresponding logical cell description. (PSYN-025)
Warning: The 'RDFFNSRASRNX2' cell in the '/home/vdevaraj/Projects/RISC_v_single_cycle/lib/saed90_phys/ref/saed90nm_fr' physical library does not 
	have corresponding logical cell description. (PSYN-025)
Warning: The 'RDFFNSRASRQX1' cell in the '/home/vdevaraj/Projects/RISC_v_single_cycle/lib/saed90_phys/ref/saed90nm_fr' physical library does not 
	have corresponding logical cell description. (PSYN-025)
Warning: The 'RDFFNSRASRQX2' cell in the '/home/vdevaraj/Projects/RISC_v_single_cycle/lib/saed90_phys/ref/saed90nm_fr' physical library does not 
	have corresponding logical cell description. (PSYN-025)
Warning: The 'RSDFFNSRX1' cell in the '/home/vdevaraj/Projects/RISC_v_single_cycle/lib/saed90_phys/ref/saed90nm_fr' physical library does not 
	have corresponding logical cell description. (PSYN-025)
Warning: The 'RSDFFNSRX2' cell in the '/home/vdevaraj/Projects/RISC_v_single_cycle/lib/saed90_phys/ref/saed90nm_fr' physical library does not 
	have corresponding logical cell description. (PSYN-025)
Information: linking reference library : /home/vdevaraj/Projects/RISC_v_single_cycle/lib/saed90_phys/ref/saed90nm_dv. (PSYN-878)
Warning: The 'RSDFFSRSSRX1' cell in the '/home/vdevaraj/Projects/RISC_v_single_cycle/lib/saed90_phys/ref/saed90nm_dv' physical library does not 
	have corresponding logical cell description. (PSYN-025)
Warning: The 'RSDFFSRSSRX2' cell in the '/home/vdevaraj/Projects/RISC_v_single_cycle/lib/saed90_phys/ref/saed90nm_dv' physical library does not 
	have corresponding logical cell description. (PSYN-025)
Warning: The 'RSDFFSRX1' cell in the '/home/vdevaraj/Projects/RISC_v_single_cycle/lib/saed90_phys/ref/saed90nm_dv' physical library does not 
	have corresponding logical cell description. (PSYN-025)
Warning: The 'RSDFFSRX2' cell in the '/home/vdevaraj/Projects/RISC_v_single_cycle/lib/saed90_phys/ref/saed90nm_dv' physical library does not 
	have corresponding logical cell description. (PSYN-025)
Warning: Could not find a valid driver for the hierarchical Ground net 'VSS'. (MWDC-285)
Warning: Could not find a valid driver for the hierarchical Power net 'VDD'. (MWDC-285)
Information: Loading local_link_library attribute {saed90nm_typ_ht.db}. (MWDC-290)

  Linking design 'riscv_core_synth'
  Using the following designs and libraries:
  --------------------------------------------------------------------------
  * (2 designs)               __auto_cel_zeus-2.cec.gmu.edu_3450139.CEL, etc
  saed90nm_typ_ht (library)   /home/vdevaraj/Projects/RISC_v_single_cycle/lib/saed90_phys/ref/models/saed90nm_typ_ht.db

Information: The design has horizontal rows, and Y-symmetry has been used for sites. (MWDC-217)
Floorplan loading succeeded.

The options for place_opt:
--------------------------
POPT:  place_opt effort level               : Medium
POPT:  Congestion removal                   : No
POPT:  Layer Optimization                   : Yes
POPT:  Area recovery                        : No
POPT:  Optimize dft                         : No
POPT:  Clock Tree Synthesis                 : No
POPT:  Optimize power                       : Yes
POPT:  Optimize power mode                  : Leakage
---------------------------------------------------

Settings of some common used Tcl variables for place_opt:
---------------------------------------------------------
---------------------------------------------------------

  Loading design 'riscv_core_synth'




Information: Library Manufacturing Grid(GridResolution) : 5
Information: Time Unit from Milkyway design library: 'ns' 
Information: Design Library and main library timing units are matched - 1.000 ns. 
Information: Resistance Unit from Milkyway design library: 'kohm' 
Warning: Mismatch in the main library and the Milkyway library resistance units. In the main library it is 1000.000 kohm and in the Milkyway design library it is 1.000 kohm. Check and correct the resistance units in the .tf and .db files. (PSYN-476)
Information: Capacitance Unit from Milkyway design library: 'pf' 
Warning: Mismatch in the main and the Milkyway library capacitance units. In the main library it is 0.001 pf and in the Milkyway design library it is 1.000 pf. Check and correct the capacitance units in the .tf and .db files. (PSYN-477)
Information: The target library  has 1 Vth group. VT classification is based on area-leakage and the estimated accuracy is above 80%. (ROPT-028)

TLU+ File = /home/vdevaraj/Projects/RISC_v_single_cycle/lib/saed90_phys/ref/tluplus/saed90nm_1p9m_1t_Cmax.tluplus
TLU+ File = /home/vdevaraj/Projects/RISC_v_single_cycle/lib/saed90_phys/ref/tluplus/saed90nm_1p9m_1t_Cmin.tluplus

--------- Sanity Check on TLUPlus Files -------------
1. Checking the conducting layer names in ITF and mapping file ... 
[ Passed! ]
2. Checking the via layer names in ITF and mapping file ... 
[ Passed! ]
3. Checking the consistency of Min Width and Min Spacing between MW-tech and ITF ... 
[ Passed! ]
----------------- Check Ends ------------------
****************************************************************
Information: TLUPlus based RC computation is enabled. (RCEX-141)
****************************************************************
Information: The distance unit in Capacitance and Resistance is 1 micron. (RCEX-007)
Information: The RC model used is TLU+. (RCEX-015)
Information: Library Derived Cap for layer M1 : 0.22 0.19 (RCEX-011)
Information: Library Derived Res for layer M1 : 6.4e-07 6.4e-07 (RCEX-011)
Information: Library Derived Cap for layer M2 : 0.25 0.21 (RCEX-011)
Information: Library Derived Res for layer M2 : 5.6e-07 5.6e-07 (RCEX-011)
Information: Library Derived Cap for layer M3 : 0.25 0.21 (RCEX-011)
Information: Library Derived Res for layer M3 : 5.6e-07 5.6e-07 (RCEX-011)
Information: Library Derived Cap for layer M4 : 0.25 0.21 (RCEX-011)
Information: Library Derived Res for layer M4 : 5.6e-07 5.6e-07 (RCEX-011)
Information: Library Derived Cap for layer M5 : 0.25 0.21 (RCEX-011)
Information: Library Derived Res for layer M5 : 5.6e-07 5.6e-07 (RCEX-011)
Information: Library Derived Cap for layer M6 : 0.25 0.21 (RCEX-011)
Information: Library Derived Res for layer M6 : 5.6e-07 5.6e-07 (RCEX-011)
Information: Library Derived Cap for layer M7 : 0.25 0.21 (RCEX-011)
Information: Library Derived Res for layer M7 : 5.6e-07 5.6e-07 (RCEX-011)
Information: Library Derived Cap for layer M8 : 0.25 0.21 (RCEX-011)
Information: Library Derived Res for layer M8 : 5.6e-07 5.6e-07 (RCEX-011)
Information: Library Derived Cap for layer M9 : 0.3 0.23 (RCEX-011)
Information: Library Derived Res for layer M9 : 6.2e-08 6.2e-08 (RCEX-011)
Information: Library Derived Horizontal Cap : 0.25 0.21 (RCEX-011)
Information: Library Derived Horizontal Res : 4.8e-07 4.8e-07 (RCEX-011)
Information: Library Derived Vertical Cap : 0.25 0.21 (RCEX-011)
Information: Library Derived Vertical Res : 5.6e-07 5.6e-07 (RCEX-011)
Information: Using derived R and C coefficients. (RCEX-008)
Information: Using region-based R and C coefficients. (RCEX-013)
Information: Library Derived Via Res : 8e-07 8e-07 (RCEX-011)

 Beginning Coarse Placement
  --------------------------

Information: Running stand-alone coarse placer in a separate process using temp directory '/tmp'. (PSYN-605)
Warning: Scan DEF information is required. (PSYN-1099)
...25%...50%...75%...100% done.

  Coarse Placement Complete
  --------------------------

Warning: Design 'riscv_core_synth' contains 1 high-fanout nets. A fanout number of 1000 will be used for delay calculations involving these nets. (TIM-134)

 Beginning Buffering Optimizations
 ---------------------------------

 Estimating Design ...... 
 Done

 Updating Timing ........ 
 Done

 Collecting Buffer Trees ... Found 143

 Processing Buffer Trees ... 

    [15]  10% ...
    [30]  20% ...
    [45]  30% ...
    [60]  40% ...
    [75]  50% ...
    [90]  60% ...
    [105]  70% ...
    [120]  80% ...
    [135]  90% ...
Warning: New port 'u_regfile/IN0' is generated to sub_module 'u_regfile' as an additional of original port 'u_regfile/reset'. (PSYN-850)
Warning: New port 'u_regfile/IN1' is generated to sub_module 'u_regfile' as an additional of original port 'u_regfile/reset'. (PSYN-850)
Warning: New port 'u_regfile/IN2' is generated to sub_module 'u_regfile' as an additional of original port 'u_regfile/reset'. (PSYN-850)
Warning: New port 'u_regfile/IN3' is generated to sub_module 'u_regfile' as an additional of original port 'u_regfile/reset'. (PSYN-850)
    [143] 100% Done ...


Information: Automatic high-fanout synthesis deletes 374 cells. (HFS-802)
Information: Automatic high-fanout synthesis adds 183 new cells. (PSYN-864)


Information: Analyzing channel congestion ... 
Information: Channel congestion analysis found no blockages


  ------------------------------------------
  Automatic minimum/maximum layer assignment
  ------------------------------------------
    Derived Minimum Lower Layer   : M8
    Derived Maximum Upper Layer   : M9
  ------------------------------------------
  No net to be assigned.





  Design  WNS: 0.00  TNS: 0.00  Number of Violating Paths: 0

  Nets with DRC Violations: 0
  Total moveable cell area: 70822.2
  Total fixed cell area: 0.0
  Total physical cell area: 70822.2
  Core area: (10000 10000 328400 326800)


  No hold constraints


  Timing and DRC Optimization (Stage 1)
  --------------------------------------



  Beginning Timing Optimizations
  ------------------------------

                                  TOTAL                                                
   ELAPSED            WORST NEG   SETUP    DESIGN                              LEAKAGE 
    TIME      AREA      SLACK     COST    RULE COST         ENDPOINT            POWER  
  --------- --------- --------- --------- --------- ------------------------- ---------
    0:00:38   70822.2      0.00       0.0       0.0                           1067529024.0000


Note: Symbol # after min delay cost means estimated hold TNS across all active scenarios 


  Optimization Complete
  ---------------------


  Beginning Timing Optimizations
  ------------------------------

                                  TOTAL                                                
   ELAPSED            WORST NEG   SETUP    DESIGN                              LEAKAGE 
    TIME      AREA      SLACK     COST    RULE COST         ENDPOINT            POWER  
  --------- --------- --------- --------- --------- ------------------------- ---------
    0:00:38   70822.2      0.00       0.0       0.0                           1067529024.0000
    0:00:38   70822.2      0.00       0.0       0.0                           1067529024.0000
    0:00:38   70822.2      0.00       0.0       0.0                           1067529024.0000
    0:00:38   70822.2      0.00       0.0       0.0                           1067529024.0000
    0:00:38   70822.2      0.00       0.0       0.0                           1067529024.0000
    0:00:38   70822.2      0.00       0.0       0.0                           1067529024.0000
    0:00:38   70822.2      0.00       0.0       0.0                           1067529024.0000


Note: Symbol # after min delay cost means estimated hold TNS across all active scenarios 


  Optimization Complete
  ---------------------

  Design  WNS: 0.00  TNS: 0.00  Number of Violating Paths: 0

  Nets with DRC Violations: 0
  Total moveable cell area: 70822.2
  Total fixed cell area: 0.0
  Total physical cell area: 70822.2
  Core area: (10000 10000 328400 326800)


  No hold constraints






 Beginning Coarse Placement
  --------------------------

Information: Running stand-alone coarse placer in a separate process using temp directory '/tmp'. (PSYN-605)
Warning: Scan DEF information is required. (PSYN-1099)
60%...80%...100% done.

  Coarse Placement Complete
  --------------------------

[begin initializing data for legality checker]

Initializing Data Structure ...
INFO: legalizer_via_spacing_check_mode 0
  Reading technology information ...
    Technology table contains 9 routable metal layers
    This is considered as a 9-metal-layer design
    Reading library information from DB ...
  Reading misc information ...
    array <unit> has 0 vertical and 110 horizontal rows
  Checking information read in ...
    design style = Horizontal masters, Horizontal rows

  Preprocessing design ...
    splitting rows by natural obstacles ...
... design style 0
... number of base array 1 0
INFO:... use original rows...
[end initializing data for legality checker]
 
****************************************
  Report : Chip Summary
  Design : riscv_core_synth
  Version: Q-2019.12-SP5
  Date   : Wed May  6 17:31:01 2026
****************************************
Std cell utilization: 70.21%  (76847/(109450-0))
(Non-fixed + Fixed)
Std cell utilization: 70.21%  (76847/(109450-0))
(Non-fixed only)
Chip area:            109450   sites, bbox (10.00 10.00 328.40 326.80) um
Std cell area:        76847    sites, (non-fixed:76847  fixed:0)
                      4835     cells, (non-fixed:4835   fixed:0)
Macro cell area:      0        sites
                      0        cells
Placement blockages:  0        sites, (excluding fixed std cells)
                      0        sites, (include fixed std cells & chimney area)
                      0        sites, (complete p/g net blockages)
Routing blockages:    0        sites, (partial p/g net blockages)
                      0        sites, (routing blockages and signal pre-route)
Lib cell count:       46 
Avg. std cell width:  3.81 um 
Site array:           unit     (width: 0.32 um, height: 2.88 um, rows: 110)
Physical DB scale:    1000 db_unit = 1 um 

 
****************************************
  Report : pnet options
  Design : riscv_core_synth
  Version: Q-2019.12-SP5
  Date   : Wed May  6 17:31:01 2026
****************************************


--------------------------------------------------------------------
Layer      Blockage   Min_width   Min_height   Via_additive     Density
--------------------------------------------------------------------
M1         none          ---         ---       via additive      ---
M2         none          ---         ---       via additive      ---
M3         none          ---         ---       via additive      ---
M4         none          ---         ---       via additive      ---
M5         none          ---         ---       via additive      ---
M6         none          ---         ---       via additive      ---
M7         none          ---         ---       via additive      ---
M8         none          ---         ---       via additive      ---
M9         none          ---         ---       via additive      ---
Legalizing 4835 illegal cells...
Starting legalizer.
Initial legalization:  100% (0 sec)
Optimizations pass 1: 10% 20% 30% 40% 50% 60% 70% 80% 90% 100% (0.1 sec)
Optimizations pass 2: 10% 20% 30% 40% 50% 60% 70% 80% 90% 100% (0.1 sec)
Optimizations pass 3: 10% 20% 30% 40% 50% 60% 70% 80% 90% 100% (0.1 sec)
Legalization complete (0 total sec)
 
****************************************
  Report : Legalize Displacement
  Design : riscv_core_synth
  Version: Q-2019.12-SP5
  Date   : Wed May  6 17:31:01 2026
****************************************

avg cell displacement:    0.861 um ( 0.30 row height)
max cell displacement:    3.925 um ( 1.36 row height)
std deviation:            0.475 um ( 0.16 row height)
number of cell moved:      4835 cells (out of 4835 cells)

Total 0 cells has large displacement (e.g. > 8.640 um or 3 row height)


Information: Analyzing channel congestion ... 
Information: Channel congestion analysis found no blockages







  Design  WNS: 0.00  TNS: 0.00  Number of Violating Paths: 0

  Nets with DRC Violations: 0
  Total moveable cell area: 70822.2
  Total fixed cell area: 0.0
  Total physical cell area: 70822.2
  Core area: (10000 10000 328400 326800)


  No hold constraints


  Timing and DRC Optimization (Stage 1)
  --------------------------------------



  Beginning Timing Optimizations
  ------------------------------

                                  TOTAL                                                
   ELAPSED            WORST NEG   SETUP    DESIGN                              LEAKAGE 
    TIME      AREA      SLACK     COST    RULE COST         ENDPOINT            POWER  
  --------- --------- --------- --------- --------- ------------------------- ---------
    0:00:41   70822.2      0.00       0.0       0.0                           1067529024.0000
Warning: Warning: Target library does not have any constant lib_cells so tool cannot replace virtual constants.  (OPT-223)
Warning: Warning: Target library does not have any constant lib_cells so tool cannot replace virtual constants.  (OPT-223)
    0:00:41   69899.7      0.00       0.0       0.0                           1023433024.0000


Note: Symbol # after min delay cost means estimated hold TNS across all active scenarios 


  Optimization Complete
  ---------------------

  Placement Optimization (Stage 1)
  ---------------------------------

[begin initializing data for legality checker]

Initializing Data Structure ...
INFO: legalizer_via_spacing_check_mode 0
  Reading technology information ...
    Technology table contains 9 routable metal layers
    This is considered as a 9-metal-layer design
    Reading library information from DB ...
  Reading misc information ...
    array <unit> has 0 vertical and 110 horizontal rows
  Checking information read in ...
    design style = Horizontal masters, Horizontal rows

  Preprocessing design ...
    splitting rows by natural obstacles ...
... design style 0
... number of base array 1 0
INFO:... use original rows...
[end initializing data for legality checker]
 
****************************************
  Report : Chip Summary
  Design : riscv_core_synth
  Version: Q-2019.12-SP5
  Date   : Wed May  6 17:31:02 2026
****************************************
Std cell utilization: 69.30%  (75846/(109450-0))
(Non-fixed + Fixed)
Std cell utilization: 69.30%  (75846/(109450-0))
(Non-fixed only)
Chip area:            109450   sites, bbox (10.00 10.00 328.40 326.80) um
Std cell area:        75846    sites, (non-fixed:75846  fixed:0)
                      4835     cells, (non-fixed:4835   fixed:0)
Macro cell area:      0        sites
                      0        cells
Placement blockages:  0        sites, (excluding fixed std cells)
                      0        sites, (include fixed std cells & chimney area)
                      0        sites, (complete p/g net blockages)
Routing blockages:    0        sites, (partial p/g net blockages)
                      0        sites, (routing blockages and signal pre-route)
Lib cell count:       31 
Avg. std cell width:  3.65 um 
Site array:           unit     (width: 0.32 um, height: 2.88 um, rows: 110)
Physical DB scale:    1000 db_unit = 1 um 

 
****************************************
  Report : pnet options
  Design : riscv_core_synth
  Version: Q-2019.12-SP5
  Date   : Wed May  6 17:31:02 2026
****************************************


--------------------------------------------------------------------
Layer      Blockage   Min_width   Min_height   Via_additive     Density
--------------------------------------------------------------------
M1         none          ---         ---       via additive      ---
M2         none          ---         ---       via additive      ---
M3         none          ---         ---       via additive      ---
M4         none          ---         ---       via additive      ---
M5         none          ---         ---       via additive      ---
M6         none          ---         ---       via additive      ---
M7         none          ---         ---       via additive      ---
M8         none          ---         ---       via additive      ---
M9         none          ---         ---       via additive      ---
 
****************************************
  Report : Legalize Displacement
  Design : riscv_core_synth
  Version: Q-2019.12-SP5
  Date   : Wed May  6 17:31:02 2026
****************************************

No cell displacement.


  Placement Optimization Complete
  -------------------------------


  Design  WNS: 0.00  TNS: 0.00  Number of Violating Paths: 0

  Nets with DRC Violations: 0
  Total moveable cell area: 69899.7
  Total fixed cell area: 0.0
  Total physical cell area: 69899.7
  Core area: (10000 10000 328400 326800)


  No hold constraints

[begin initializing data for legality checker]

Initializing Data Structure ...
INFO: legalizer_via_spacing_check_mode 0
  Reading technology information ...
    Technology table contains 9 routable metal layers
    This is considered as a 9-metal-layer design
    Reading library information from DB ...
  Reading misc information ...
    array <unit> has 0 vertical and 110 horizontal rows
  Checking information read in ...
    design style = Horizontal masters, Horizontal rows

  Preprocessing design ...
    splitting rows by natural obstacles ...
... design style 0
... number of base array 1 0
INFO:... use original rows...
[end initializing data for legality checker]
Warning: Die area is not integer multiples of min site height (2880), object's width and height(338400,336800). (PSYN-523)
Warning: Die area is not integer multiples of min site width (320), object's width and height(338400,336800). (PSYN-523)

**************************************************** 
Check_legality: Report for Fixed Placement Cells
Information: Use the -verbose option to get details about the legality violations. (PSYN-054)
**************************************************** 
(fixed placement) Cells Not on Row            : 0
(fixed placement) Cell Overlaps               : 0
(fixed placement) Cells overlapping blockages : 0
(fixed placement) Orientation Violations      : 0
(fixed placement) Site Violations             : 0
(fixed placement) Power Strap Violations      : 0
****************************************************** 

****************************************************** 
Check_legality: Report for Non-fixed Placement Cells
Information: Use the -verbose option to get details about the legality violations. (PSYN-054)
****************************************************** 
Number of Cells Not on Row            : 0
Number of Cell Overlaps               : 0
Number of Cells overlapping blockages : 0
Number of Orientation Violations      : 0
Number of Site Violations             : 0
Number of Power Strap Violations      : 0
******************************************** 





  Design  WNS: 0.00  TNS: 0.00  Number of Violating Paths: 0

  Nets with DRC Violations: 0
  Total moveable cell area: 69899.7
  Total fixed cell area: 0.0
  Total physical cell area: 69899.7
  Core area: (10000 10000 328400 326800)


  No hold constraints


  Timing and DRC Optimization (Stage 1)
  --------------------------------------



  Beginning Timing Optimizations
  ------------------------------

                                  TOTAL                                                
   ELAPSED            WORST NEG   SETUP    DESIGN                              LEAKAGE 
    TIME      AREA      SLACK     COST    RULE COST         ENDPOINT            POWER  
  --------- --------- --------- --------- --------- ------------------------- ---------
    0:00:42   69899.7      0.00       0.0       0.0                           1023433024.0000


  Beginning Leakage Power Optimization
  ------------------------------------

                                  TOTAL                                                
   ELAPSED            WORST NEG   SETUP    DESIGN                              LEAKAGE 
    TIME      AREA      SLACK     COST    RULE COST         ENDPOINT            POWER  
  --------- --------- --------- --------- --------- ------------------------- ---------
    0:00:42   69899.7      0.00       0.0       0.0                           1023433024.0000
    0:00:42   69899.7      0.00       0.0       0.0                           1023433024.0000
    0:00:42   71071.9      0.00       0.0       0.0                           1017944640.0000
    0:00:42   71071.9      0.00       0.0       0.0                           1017944640.0000
    0:00:42   71071.9      0.00       0.0       0.0                           1017944640.0000
    0:00:42   71071.9      0.00       0.0       0.0                           1017944640.0000
    0:00:42   71071.9      0.00       0.0       0.0                           1017944640.0000
    0:00:42   71071.9      0.00       0.0       0.0                           1017944640.0000
    0:00:42   71071.9      0.00       0.0       0.0                           1017944640.0000
Warning: Warning: Target library does not have any constant lib_cells so tool cannot replace virtual constants.  (OPT-223)
Warning: Warning: Target library does not have any constant lib_cells so tool cannot replace virtual constants.  (OPT-223)


Note: Symbol # after min delay cost means estimated hold TNS across all active scenarios 


  Optimization Complete
  ---------------------

  Placement Optimization (Stage 1)
  ---------------------------------

[begin initializing data for legality checker]

Initializing Data Structure ...
INFO: legalizer_via_spacing_check_mode 0
  Reading technology information ...
    Technology table contains 9 routable metal layers
    This is considered as a 9-metal-layer design
    Reading library information from DB ...
  Reading misc information ...
    array <unit> has 0 vertical and 110 horizontal rows
  Checking information read in ...
    design style = Horizontal masters, Horizontal rows

  Preprocessing design ...
    splitting rows by natural obstacles ...
... design style 0
... number of base array 1 0
INFO:... use original rows...
[end initializing data for legality checker]
 
****************************************
  Report : Chip Summary
  Design : riscv_core_synth
  Version: Q-2019.12-SP5
  Date   : Wed May  6 17:31:03 2026
****************************************
Std cell utilization: 70.46%  (77118/(109450-0))
(Non-fixed + Fixed)
Std cell utilization: 70.46%  (77118/(109450-0))
(Non-fixed only)
Chip area:            109450   sites, bbox (10.00 10.00 328.40 326.80) um
Std cell area:        77118    sites, (non-fixed:77118  fixed:0)
                      4821     cells, (non-fixed:4821   fixed:0)
Macro cell area:      0        sites
                      0        cells
Placement blockages:  0        sites, (excluding fixed std cells)
                      0        sites, (include fixed std cells & chimney area)
                      0        sites, (complete p/g net blockages)
Routing blockages:    0        sites, (partial p/g net blockages)
                      0        sites, (routing blockages and signal pre-route)
Lib cell count:       33 
Avg. std cell width:  3.70 um 
Site array:           unit     (width: 0.32 um, height: 2.88 um, rows: 110)
Physical DB scale:    1000 db_unit = 1 um 

 
****************************************
  Report : pnet options
  Design : riscv_core_synth
  Version: Q-2019.12-SP5
  Date   : Wed May  6 17:31:03 2026
****************************************


--------------------------------------------------------------------
Layer      Blockage   Min_width   Min_height   Via_additive     Density
--------------------------------------------------------------------
M1         none          ---         ---       via additive      ---
M2         none          ---         ---       via additive      ---
M3         none          ---         ---       via additive      ---
M4         none          ---         ---       via additive      ---
M5         none          ---         ---       via additive      ---
M6         none          ---         ---       via additive      ---
M7         none          ---         ---       via additive      ---
M8         none          ---         ---       via additive      ---
M9         none          ---         ---       via additive      ---
Legalizing 151 illegal cells...
Starting legalizer.
Initial legalization:  10% 20% 30% 40% 50% 60% 70% 80% 90% 100% (0 sec)
Optimizations pass 1: 10% 20% 30% 40% 50% 60% 70% 80% 90% 100% (0.0 sec)
Optimizations pass 2: 10% 20% 30% 40% 50% 60% 70% 80% 90% 100% (0.0 sec)
Optimizations pass 3: 10% 20% 30% 40% 50% 60% 70% 80% 90% 100% (0.0 sec)
Legalization complete (0 total sec)
 
****************************************
  Report : Legalize Displacement
  Design : riscv_core_synth
  Version: Q-2019.12-SP5
  Date   : Wed May  6 17:31:04 2026
****************************************

avg cell displacement:    0.777 um ( 0.27 row height)
max cell displacement:    3.036 um ( 1.05 row height)
std deviation:            0.461 um ( 0.16 row height)
number of cell moved:       195 cells (out of 4821 cells)

Total 0 cells has large displacement (e.g. > 8.640 um or 3 row height)


  Placement Optimization Complete
  -------------------------------


  Design  WNS: 0.00  TNS: 0.00  Number of Violating Paths: 0

  Nets with DRC Violations: 0
  Total moveable cell area: 71071.9
  Total fixed cell area: 0.0
  Total physical cell area: 71071.9
  Core area: (10000 10000 328400 326800)


  No hold constraints


  Timing and DRC Optimization (Stage 2)
  --------------------------------------



  Beginning Timing Optimizations
  ------------------------------

                                  TOTAL                                                
   ELAPSED            WORST NEG   SETUP    DESIGN                              LEAKAGE 
    TIME      AREA      SLACK     COST    RULE COST         ENDPOINT            POWER  
  --------- --------- --------- --------- --------- ------------------------- ---------
    0:00:43   71071.9      0.00       0.0       0.0                           1017944640.0000


  Beginning Phase 1 Design Rule Fixing  (max_transition)
  ------------------------------------

                                  TOTAL                                                
   ELAPSED            WORST NEG   SETUP    DESIGN                              LEAKAGE 
    TIME      AREA      SLACK     COST    RULE COST         ENDPOINT            POWER  
  --------- --------- --------- --------- --------- ------------------------- ---------
    0:00:43   71071.9      0.00       0.0       0.0                           1017944640.0000
  
Fixing max_transition rule(DRC-101)

    0:00:43   71071.9      0.00       0.0       0.0                           1017944640.0000
    0:00:43   71076.6      0.00       0.0       0.0                           1018069440.0000
    0:00:43   71076.6      0.00       0.0       0.0                           1018069440.0000
    0:00:43   71076.6      0.00       0.0       0.0                           1018069440.0000
    0:00:43   71076.6      0.00       0.0       0.0                           1018069440.0000
    0:00:43   71076.6      0.00       0.0       0.0                           1018069440.0000
Warning: Warning: Target library does not have any constant lib_cells so tool cannot replace virtual constants.  (OPT-223)
Warning: Warning: Target library does not have any constant lib_cells so tool cannot replace virtual constants.  (OPT-223)


Note: Symbol # after min delay cost means estimated hold TNS across all active scenarios 


  Optimization Complete
  ---------------------

  Placement Optimization (Stage 2)
  ---------------------------------

[begin initializing data for legality checker]

Initializing Data Structure ...
INFO: legalizer_via_spacing_check_mode 0
  Reading technology information ...
    Technology table contains 9 routable metal layers
    This is considered as a 9-metal-layer design
    Reading library information from DB ...
  Reading misc information ...
    array <unit> has 0 vertical and 110 horizontal rows
  Checking information read in ...
    design style = Horizontal masters, Horizontal rows

  Preprocessing design ...
    splitting rows by natural obstacles ...
... design style 0
... number of base array 1 0
INFO:... use original rows...
[end initializing data for legality checker]
 
****************************************
  Report : Chip Summary
  Design : riscv_core_synth
  Version: Q-2019.12-SP5
  Date   : Wed May  6 17:31:04 2026
****************************************
Std cell utilization: 70.46%  (77123/(109450-0))
(Non-fixed + Fixed)
Std cell utilization: 70.46%  (77123/(109450-0))
(Non-fixed only)
Chip area:            109450   sites, bbox (10.00 10.00 328.40 326.80) um
Std cell area:        77123    sites, (non-fixed:77123  fixed:0)
                      4821     cells, (non-fixed:4821   fixed:0)
Macro cell area:      0        sites
                      0        cells
Placement blockages:  0        sites, (excluding fixed std cells)
                      0        sites, (include fixed std cells & chimney area)
                      0        sites, (complete p/g net blockages)
Routing blockages:    0        sites, (partial p/g net blockages)
                      0        sites, (routing blockages and signal pre-route)
Lib cell count:       34 
Avg. std cell width:  3.73 um 
Site array:           unit     (width: 0.32 um, height: 2.88 um, rows: 110)
Physical DB scale:    1000 db_unit = 1 um 

 
****************************************
  Report : pnet options
  Design : riscv_core_synth
  Version: Q-2019.12-SP5
  Date   : Wed May  6 17:31:04 2026
****************************************


--------------------------------------------------------------------
Layer      Blockage   Min_width   Min_height   Via_additive     Density
--------------------------------------------------------------------
M1         none          ---         ---       via additive      ---
M2         none          ---         ---       via additive      ---
M3         none          ---         ---       via additive      ---
M4         none          ---         ---       via additive      ---
M5         none          ---         ---       via additive      ---
M6         none          ---         ---       via additive      ---
M7         none          ---         ---       via additive      ---
M8         none          ---         ---       via additive      ---
M9         none          ---         ---       via additive      ---
Legalizing 2 illegal cells...
Starting legalizer.
Initial legalization:  10% 20% 30% 40% 50% 60% 70% 80% 90% 100% (0 sec)
Optimizations pass 1: 10% 20% 30% 40% 50% 60% 70% 80% 90% 100% (0.0 sec)
Optimizations pass 2: 10% 20% 30% 40% 50% 60% 70% 80% 90% 100% (0.0 sec)
Optimizations pass 3: 10% 20% 30% 40% 50% 60% 70% 80% 90% 100% (0.0 sec)
Legalization complete (0 total sec)
 
****************************************
  Report : Legalize Displacement
  Design : riscv_core_synth
  Version: Q-2019.12-SP5
  Date   : Wed May  6 17:31:04 2026
****************************************

avg cell displacement:    0.773 um ( 0.27 row height)
max cell displacement:    0.960 um ( 0.33 row height)
std deviation:            0.161 um ( 0.06 row height)
number of cell moved:         2 cells (out of 4821 cells)

Total 0 cells has large displacement (e.g. > 8.640 um or 3 row height)


  Placement Optimization Complete
  -------------------------------


  Design  WNS: 0.00  TNS: 0.00  Number of Violating Paths: 0

  Nets with DRC Violations: 0
  Total moveable cell area: 71076.6
  Total fixed cell area: 0.0
  Total physical cell area: 71076.6
  Core area: (10000 10000 328400 326800)


  No hold constraints

[begin initializing data for legality checker]

Initializing Data Structure ...
INFO: legalizer_via_spacing_check_mode 0
  Reading technology information ...
    Technology table contains 9 routable metal layers
    This is considered as a 9-metal-layer design
    Reading library information from DB ...
  Reading misc information ...
    array <unit> has 0 vertical and 110 horizontal rows
  Checking information read in ...
    design style = Horizontal masters, Horizontal rows

  Preprocessing design ...
    splitting rows by natural obstacles ...
... design style 0
... number of base array 1 0
INFO:... use original rows...
[end initializing data for legality checker]
Warning: Die area is not integer multiples of min site height (2880), object's width and height(338400,336800). (PSYN-523)
Warning: Die area is not integer multiples of min site width (320), object's width and height(338400,336800). (PSYN-523)

**************************************************** 
Check_legality: Report for Fixed Placement Cells
Information: Use the -verbose option to get details about the legality violations. (PSYN-054)
**************************************************** 
(fixed placement) Cells Not on Row            : 0
(fixed placement) Cell Overlaps               : 0
(fixed placement) Cells overlapping blockages : 0
(fixed placement) Orientation Violations      : 0
(fixed placement) Site Violations             : 0
(fixed placement) Power Strap Violations      : 0
****************************************************** 

****************************************************** 
Check_legality: Report for Non-fixed Placement Cells
Information: Use the -verbose option to get details about the legality violations. (PSYN-054)
****************************************************** 
Number of Cells Not on Row            : 0
Number of Cell Overlaps               : 0
Number of Cells overlapping blockages : 0
Number of Orientation Violations      : 0
Number of Site Violations             : 0
Number of Power Strap Violations      : 0
******************************************** 





  Design  WNS: 0.00  TNS: 0.00  Number of Violating Paths: 0

  Nets with DRC Violations: 0
  Total moveable cell area: 71076.6
  Total fixed cell area: 0.0
  Total physical cell area: 71076.6
  Core area: (10000 10000 328400 326800)


  No hold constraints


  Timing and DRC Optimization (Stage 1)
  --------------------------------------



  Beginning Timing Optimizations
  ------------------------------

                                  TOTAL                                                
   ELAPSED            WORST NEG   SETUP    DESIGN                              LEAKAGE 
    TIME      AREA      SLACK     COST    RULE COST         ENDPOINT            POWER  
  --------- --------- --------- --------- --------- ------------------------- ---------
    0:00:44   71076.6      0.00       0.0       0.0                           1018069440.0000
Warning: Warning: Target library does not have any constant lib_cells so tool cannot replace virtual constants.  (OPT-223)
Warning: Warning: Target library does not have any constant lib_cells so tool cannot replace virtual constants.  (OPT-223)


Note: Symbol # after min delay cost means estimated hold TNS across all active scenarios 


  Optimization Complete
  ---------------------

  Placement Optimization (Stage 1)
  ---------------------------------

[begin initializing data for legality checker]

Initializing Data Structure ...
INFO: legalizer_via_spacing_check_mode 0
  Reading technology information ...
    Technology table contains 9 routable metal layers
    This is considered as a 9-metal-layer design
    Reading library information from DB ...
  Reading misc information ...
    array <unit> has 0 vertical and 110 horizontal rows
  Checking information read in ...
    design style = Horizontal masters, Horizontal rows

  Preprocessing design ...
    splitting rows by natural obstacles ...
... design style 0
... number of base array 1 0
INFO:... use original rows...
[end initializing data for legality checker]
 
****************************************
  Report : Chip Summary
  Design : riscv_core_synth
  Version: Q-2019.12-SP5
  Date   : Wed May  6 17:31:05 2026
****************************************
Std cell utilization: 70.46%  (77123/(109450-0))
(Non-fixed + Fixed)
Std cell utilization: 70.46%  (77123/(109450-0))
(Non-fixed only)
Chip area:            109450   sites, bbox (10.00 10.00 328.40 326.80) um
Std cell area:        77123    sites, (non-fixed:77123  fixed:0)
                      4821     cells, (non-fixed:4821   fixed:0)
Macro cell area:      0        sites
                      0        cells
Placement blockages:  0        sites, (excluding fixed std cells)
                      0        sites, (include fixed std cells & chimney area)
                      0        sites, (complete p/g net blockages)
Routing blockages:    0        sites, (partial p/g net blockages)
                      0        sites, (routing blockages and signal pre-route)
Lib cell count:       34 
Avg. std cell width:  3.73 um 
Site array:           unit     (width: 0.32 um, height: 2.88 um, rows: 110)
Physical DB scale:    1000 db_unit = 1 um 

 
****************************************
  Report : pnet options
  Design : riscv_core_synth
  Version: Q-2019.12-SP5
  Date   : Wed May  6 17:31:05 2026
****************************************


--------------------------------------------------------------------
Layer      Blockage   Min_width   Min_height   Via_additive     Density
--------------------------------------------------------------------
M1         none          ---         ---       via additive      ---
M2         none          ---         ---       via additive      ---
M3         none          ---         ---       via additive      ---
M4         none          ---         ---       via additive      ---
M5         none          ---         ---       via additive      ---
M6         none          ---         ---       via additive      ---
M7         none          ---         ---       via additive      ---
M8         none          ---         ---       via additive      ---
M9         none          ---         ---       via additive      ---
 
****************************************
  Report : Legalize Displacement
  Design : riscv_core_synth
  Version: Q-2019.12-SP5
  Date   : Wed May  6 17:31:05 2026
****************************************

No cell displacement.


  Placement Optimization Complete
  -------------------------------


  Design  WNS: 0.00  TNS: 0.00  Number of Violating Paths: 0

  Nets with DRC Violations: 0
  Total moveable cell area: 71076.6
  Total fixed cell area: 0.0
  Total physical cell area: 71076.6
  Core area: (10000 10000 328400 326800)


  No hold constraints

[begin initializing data for legality checker]

Initializing Data Structure ...
INFO: legalizer_via_spacing_check_mode 0
  Reading technology information ...
    Technology table contains 9 routable metal layers
    This is considered as a 9-metal-layer design
    Reading library information from DB ...
  Reading misc information ...
    array <unit> has 0 vertical and 110 horizontal rows
  Checking information read in ...
    design style = Horizontal masters, Horizontal rows

  Preprocessing design ...
    splitting rows by natural obstacles ...
... design style 0
... number of base array 1 0
INFO:... use original rows...
[end initializing data for legality checker]
Warning: Die area is not integer multiples of min site height (2880), object's width and height(338400,336800). (PSYN-523)
Warning: Die area is not integer multiples of min site width (320), object's width and height(338400,336800). (PSYN-523)

**************************************************** 
Check_legality: Report for Fixed Placement Cells
Information: Use the -verbose option to get details about the legality violations. (PSYN-054)
**************************************************** 
(fixed placement) Cells Not on Row            : 0
(fixed placement) Cell Overlaps               : 0
(fixed placement) Cells overlapping blockages : 0
(fixed placement) Orientation Violations      : 0
(fixed placement) Site Violations             : 0
(fixed placement) Power Strap Violations      : 0
****************************************************** 

****************************************************** 
Check_legality: Report for Non-fixed Placement Cells
Information: Use the -verbose option to get details about the legality violations. (PSYN-054)
****************************************************** 
Number of Cells Not on Row            : 0
Number of Cell Overlaps               : 0
Number of Cells overlapping blockages : 0
Number of Orientation Violations      : 0
Number of Site Violations             : 0
Number of Power Strap Violations      : 0
******************************************** 
Information: Updating database...
1
clock_opt -only_cts -continue_on_missing_scandef

The options for clock_opt:
--------------------------
COPT:  Clock Tree Synthesis                 : Yes
COPT:  Post CTS Optimization                : No
COPT:  Concurrent Clock/Data Optimization   : No
COPT:  Operation Condition                  : max
COPT:  Balance Inter Clock Delay            : No
COPT:  Route Clock Nets                     : Yes
COPT:  Update Clock Latency                 : No
COPT:  Optimize Power                       : No
---------------------------------------------------

Executing ICC clock_opt...
medium
*
Building clock tree...
Operating Condition is max
Information: There is no scenario with cts_mode set to true, CTS will use old cts_scenario flow. (CTS-1115)
CTS Operating Condition(s): MAX(Worst) 
Warning: Design 'riscv_core_synth' contains 1 high-fanout nets. A fanout number of 1000 will be used for delay calculations involving these nets. (TIM-134)

  Loading design 'riscv_core_synth'




Information: Library Manufacturing Grid(GridResolution) : 5
Information: Time Unit from Milkyway design library: 'ns' 
Information: Design Library and main library timing units are matched - 1.000 ns. 
Information: Resistance Unit from Milkyway design library: 'kohm' 
Warning: Mismatch in the main library and the Milkyway library resistance units. In the main library it is 1000.000 kohm and in the Milkyway design library it is 1.000 kohm. Check and correct the resistance units in the .tf and .db files. (PSYN-476)
Information: Capacitance Unit from Milkyway design library: 'pf' 
Warning: Mismatch in the main and the Milkyway library capacitance units. In the main library it is 0.001 pf and in the Milkyway design library it is 1.000 pf. Check and correct the capacitance units in the .tf and .db files. (PSYN-477)
[begin initializing data for legality checker]

Initializing Data Structure ...
INFO: legalizer_via_spacing_check_mode 0
  Reading technology information ...
    Technology table contains 9 routable metal layers
    This is considered as a 9-metal-layer design
    Reading library information from DB ...
  Reading misc information ...
    array <unit> has 0 vertical and 110 horizontal rows
  Checking information read in ...
    design style = Horizontal masters, Horizontal rows

  Preprocessing design ...
    splitting rows by natural obstacles ...
... design style 0
... number of base array 1 0
INFO:... use original rows...
[end initializing data for legality checker]
Setting the GR Options
****************************************************************
Information: TLUPlus based RC computation is enabled. (RCEX-141)
****************************************************************
Information: The distance unit in Capacitance and Resistance is 1 micron. (RCEX-007)
Information: The RC model used is TLU+. (RCEX-015)
Information: Library Derived Cap for layer M1 : 0.21 0.18 (RCEX-011)
Information: Library Derived Res for layer M1 : 6.1e-07 6.1e-07 (RCEX-011)
Information: Library Derived Cap for layer M2 : 0.23 0.2 (RCEX-011)
Information: Library Derived Res for layer M2 : 5.4e-07 5.4e-07 (RCEX-011)
Information: Library Derived Cap for layer M3 : 0.23 0.2 (RCEX-011)
Information: Library Derived Res for layer M3 : 5.4e-07 5.4e-07 (RCEX-011)
Information: Library Derived Cap for layer M4 : 0.23 0.2 (RCEX-011)
Information: Library Derived Res for layer M4 : 5.4e-07 5.4e-07 (RCEX-011)
Information: Library Derived Cap for layer M5 : 0.23 0.2 (RCEX-011)
Information: Library Derived Res for layer M5 : 5.4e-07 5.4e-07 (RCEX-011)
Information: Library Derived Cap for layer M6 : 0.23 0.2 (RCEX-011)
Information: Library Derived Res for layer M6 : 5.4e-07 5.4e-07 (RCEX-011)
Information: Library Derived Cap for layer M7 : 0.23 0.2 (RCEX-011)
Information: Library Derived Res for layer M7 : 5.4e-07 5.4e-07 (RCEX-011)
Information: Library Derived Cap for layer M8 : 0.23 0.2 (RCEX-011)
Information: Library Derived Res for layer M8 : 5.4e-07 5.4e-07 (RCEX-011)
Information: Library Derived Cap for layer M9 : 0.29 0.22 (RCEX-011)
Information: Library Derived Res for layer M9 : 5.9e-08 5.9e-08 (RCEX-011)
Information: Library Derived Horizontal Cap : 0.24 0.2 (RCEX-011)
Information: Library Derived Horizontal Res : 4.6e-07 4.6e-07 (RCEX-011)
Information: Library Derived Vertical Cap : 0.23 0.2 (RCEX-011)
Information: Library Derived Vertical Res : 5.4e-07 5.4e-07 (RCEX-011)
Information: Using derived R and C coefficients. (RCEX-008)
Information: Using region-based R and C coefficients. (RCEX-013)
Information: Library Derived Via Res : 8e-07 8e-07 (RCEX-011)
LR: Layer M3: Average tracks per gcell 9.1, utilization 0.00
LR: Layer M4: Average tracks per gcell 9.1, utilization 0.00
LR: Layer M5: Average tracks per gcell 9.1, utilization 0.00
LR: Layer M6: Average tracks per gcell 9.1, utilization 0.00
LR: Layer M7: Average tracks per gcell 9.1, utilization 0.00
LR: Layer M8: Average tracks per gcell 9.1, utilization 0.00
LR: Layer M9: Average tracks per gcell 3.2, utilization 0.00
LR: Clock routing service standing by
Using cts integrated global router
CTS: Blockage Aware Algorithm
Top-Level OCV Path Sharing not effective when timing derating is too low
[begin initializing data for legality checker]

Initializing Data Structure ...
INFO: legalizer_via_spacing_check_mode 0
  Reading technology information ...
    Technology table contains 9 routable metal layers
    This is considered as a 9-metal-layer design
    Reading library information from DB ...
  Reading misc information ...
    array <unit> has 0 vertical and 110 horizontal rows
  Checking information read in ...
    design style = Horizontal masters, Horizontal rows

  Preprocessing design ...
    splitting rows by natural obstacles ...
... design style 0
... number of base array 1 0
INFO:... use original rows...
[end initializing data for legality checker]
CTS: all inverters have too large rise/fall delay skew
CTS: inverter INVX32: rise/fall delay skew = 0.326208 (> 0.200000) 
CTS: all inverters have too large rise/fall delay skew
CTS: inverter INVX32: rise/fall delay skew = 0.326208 (> 0.200000) 
CTS: Region Aware Algorithm is automatically turned off when design has no region or only has one region.
CTS: Prepare sources for clock domain clk
CTS: Prepare sources for clock domain clk
clean drc fixing cell first...
In all, 0 drc fixing cell(s) are cleaned
In all, 0 drc fixing cell(s) beyond exception pins are cleaned

CTS: Prepare sources for clock domain clk
CTS: Prepare sources for clock domain clk

Pruning library cells (r/f, pwr)
    Min drive = 0.210878.
    Pruning DELLN2X2 because of a gain of 110.45.
    Pruning DELLN1X2 because of a gain of 66.11.
    Pruning DELLN3X2 because of a gain of 110.45.
    Pruning NBUFFX4 because of a gain of 26.06.
    Pruning NBUFFX8 because of a gain of 27.95.
    Pruning NBUFFX16 because of a gain of 29.27.
    Pruning NBUFFX32 because of a gain of 110.45.
    Final pruned buffer set (1 buffers):
	NBUFFX2

Pruning library cells (r/f, pwr)
    Min drive = 0.210878.
    Pruning INVX0 because drive of 0.185684 is less than 0.210878.
    Pruning IBUFFX2 because of a gain of 18.43.
    Pruning IBUFFX4 because of a gain of 29.35.
    Pruning IBUFFX8 because of a gain of 56.42.
    Pruning IBUFFX16 because of a gain of 110.45.
    Pruning IBUFFX32 because of a gain of 110.45.
    Final pruned buffer set (6 buffers):
	INVX1
	INVX2
	INVX4
	INVX8
	INVX16
	INVX32
CTS: BA: Net 'clk'
CTS: BA: Root net includes 1 sinks.
CTS: BA: Max delay at toplevel pins = 0.000000
CTS: BA: Max skew at toplevel pins = 0.000000

CTS: Starting clock tree synthesis ...
CTS:   Conditions       = worst(1)
CTS: Global design rule constraints [rise fall]
CTS:   max transition   = worst[0.500 0.500]     GUI = worst[0.500 0.500]     SDC = undefined/ignored
CTS:   leaf max trans   = worst[0.500 0.500]     GUI = worst[0.500 0.500]     SDC = undefined/ignored
CTS:   max capacitance  = worst[600.000 600.000]     GUI = worst[600.000 600.000]     SDC = undefined/ignored
CTS:   max fanout       = 2000                   GUI = 2000                   SDC = undefined/ignored
CTS: Global timing/clock tree constraints
CTS:   clock skew       = worst[0.000]
CTS:   insertion delay  = worst[0.000]
CTS:   levels per net   = 400
CTS: Design infomation
CTS:  total gate levels = 1
CTS: Root clock net clk
CTS:  clock gate levels = 1
CTS:    clock sink pins = 1023
CTS:    level  1: gates = 1
CTS: Buffer/Inverter list for CTS for clock net clk:
CTS:   NBUFFX32
CTS:   INVX32
CTS:   NBUFFX16
CTS:   INVX16
CTS:   NBUFFX8
CTS:   INVX8
CTS: Buffer/Inverter list for DelayInsertion for clock net clk:
CTS:   INVX32
CTS:   INVX16
CTS:   INVX8
CTS:   NBUFFX16
CTS:   NBUFFX8
CTS:   INVX4
CTS:   IBUFFX16
CTS:   NBUFFX32
CTS:   IBUFFX8
CTS:   IBUFFX32
CTS:   NBUFFX4
CTS:   IBUFFX4
CTS:   INVX2
CTS:   INVX1
CTS:   NBUFFX2
CTS:   INVX0
CTS:   IBUFFX2
CTS:   DELLN1X2
CTS:   DELLN2X2
CTS:   DELLN3X2
Information: Removing clock transition on clock clk ... (CTS-103)
Information: Removing clock transition on clock clk ... (CTS-103)

CTS: gate level 1 clock tree synthesis
CTS:          clock net = clk
CTS:        driving pin = clk
CTS: gate level 1 design rule constraints [rise fall]
CTS:   max transition   = worst[0.500 0.500]
CTS:   leaf max transition = worst[0.500 0.500]
CTS:   max capacitance  = worst[600.000 600.000]
CTS:   max fanout       = 2000
CTS: gate level 1 timing constraints
CTS:   clock skew       = worst[0.000]
CTS:   insertion delay  = worst[0.000]
CTS:   levels per net   = 400
CTS: nominal transition = 0.10007
Warning: CTS max_capacitance contstraint 600 is low for clustering; recommend removing it

CTS: Clock tree synthesis completed successfully
CTS:   CPU time:     0 seconds
CTS: Reporting clock tree violations ...
CTS:   Global design rules:
CTS:     maximum transition delay [rise,fall] = [0.5,0.5]
CTS:     maximum capacitance = 600
CTS:     maximum fanout = 2000
CTS:     maximum buffer levels per net = 400
CTS:  
CTS: Summary of clock tree violations: 
CTS:  Total number of transition violations  = 0 
CTS:  Total number of capacitance violations = 0 
CTS: ------------------------------------------------
CTS: Clock Tree Synthesis Summary
CTS: ------------------------------------------------
CTS:       1 clock domain synthesized
CTS:       1 gated clock nets synthesized
CTS:       1 buffer trees inserted
CTS:       7 buffers used (total size = 180.634)
CTS:       8 clock nets total capacitance = worst[2736.182 2736.182]
CTS: ------------------------------------------------
CTS: Clock-by-Clock Summary
CTS: ------------------------------------------------
CTS: Root clock net clk
CTS:       1 gated clock nets synthesized
CTS:       1 buffer trees inserted
CTS:       7 buffers used (total size = 180.634)
CTS:       8 clock nets total capacitance = worst[2736.182 2736.182]

CTS: ==================================================
CTS:   Elapsed time: 0 seconds
CTS:   CPU time:     0 seconds on zeus-2.cec.gmu.edu
CTS: ==================================================
CTS: Reporting clock tree violations ...
CTS:   Global design rules:
CTS:     maximum transition delay [rise,fall] = [0.5,0.5]
CTS:     maximum capacitance = 600
CTS:     maximum fanout = 2000
CTS:     maximum buffer levels per net = 400
CTS:  
CTS: Summary of clock tree violations: 
CTS:  Total number of transition violations  = 0 
CTS:  Total number of capacitance violations = 0 
CTS: ==================================================
CTS: Start DRC fixing beyond exceptions
CTS: Blockage Aware Algorithm
CTS: Top-Level OCV Path Sharing not effective when timing derating is too low
[begin initializing data for legality checker]

Initializing Data Structure ...
INFO: legalizer_via_spacing_check_mode 0
  Reading technology information ...
    Technology table contains 9 routable metal layers
    This is considered as a 9-metal-layer design
    Reading library information from DB ...
  Reading misc information ...
    array <unit> has 0 vertical and 110 horizontal rows
  Checking information read in ...
    design style = Horizontal masters, Horizontal rows

  Preprocessing design ...
    splitting rows by natural obstacles ...
... design style 0
... number of base array 1 0
INFO:... use original rows...
[end initializing data for legality checker]
CTS: all inverters have too large rise/fall delay skew
CTS: inverter INVX32: rise/fall delay skew = 0.326208 (> 0.200000) 
CTS: Region Aware Algorithm is automatically turned off when design has no region or only has one region.
CTS: Prepare sources for clock domain clk
CTS: Prepare sources for clock domain clk

Pruning library cells (r/f, pwr)
    Min drive = 0.210878.
    Pruning DELLN2X2 because of a gain of 110.45.
    Pruning DELLN1X2 because of a gain of 66.11.
    Pruning DELLN3X2 because of a gain of 110.45.
    Pruning NBUFFX4 because of a gain of 26.06.
    Pruning NBUFFX8 because of a gain of 27.95.
    Pruning NBUFFX16 because of a gain of 29.27.
    Pruning NBUFFX32 because of a gain of 110.45.
    Final pruned buffer set (1 buffers):
	NBUFFX2

Pruning library cells (r/f, pwr)
    Min drive = 0.210878.
    Pruning INVX0 because drive of 0.185684 is less than 0.210878.
    Pruning IBUFFX2 because of a gain of 18.43.
    Pruning IBUFFX4 because of a gain of 29.35.
    Pruning IBUFFX8 because of a gain of 56.42.
    Pruning IBUFFX16 because of a gain of 110.45.
    Pruning IBUFFX32 because of a gain of 110.45.
    Final pruned buffer set (6 buffers):
	INVX1
	INVX2
	INVX4
	INVX8
	INVX16
	INVX32
CTS: Prepare sources for clock domain clk

CTS: ==================================================
CTS: DRC fixing beyond exceptions completed successfully
CTS:   Elapsed time: 0 seconds
CTS:   CPU time:     0 seconds on zeus-2.cec.gmu.edu
CTS: ==================================================
****************************************************************
Information: TLUPlus based RC computation is enabled. (RCEX-141)
****************************************************************
Information: The distance unit in Capacitance and Resistance is 1 micron. (RCEX-007)
Information: The RC model used is TLU+. (RCEX-015)
Information: Library Derived Cap for layer M1 : 0.21 0.18 (RCEX-011)
Information: Library Derived Res for layer M1 : 6.1e-07 6.1e-07 (RCEX-011)
Information: Library Derived Cap for layer M2 : 0.23 0.2 (RCEX-011)
Information: Library Derived Res for layer M2 : 5.4e-07 5.4e-07 (RCEX-011)
Information: Library Derived Cap for layer M3 : 0.23 0.2 (RCEX-011)
Information: Library Derived Res for layer M3 : 5.4e-07 5.4e-07 (RCEX-011)
Information: Library Derived Cap for layer M4 : 0.23 0.2 (RCEX-011)
Information: Library Derived Res for layer M4 : 5.4e-07 5.4e-07 (RCEX-011)
Information: Library Derived Cap for layer M5 : 0.23 0.2 (RCEX-011)
Information: Library Derived Res for layer M5 : 5.4e-07 5.4e-07 (RCEX-011)
Information: Library Derived Cap for layer M6 : 0.23 0.2 (RCEX-011)
Information: Library Derived Res for layer M6 : 5.4e-07 5.4e-07 (RCEX-011)
Information: Library Derived Cap for layer M7 : 0.23 0.2 (RCEX-011)
Information: Library Derived Res for layer M7 : 5.4e-07 5.4e-07 (RCEX-011)
Information: Library Derived Cap for layer M8 : 0.23 0.2 (RCEX-011)
Information: Library Derived Res for layer M8 : 5.4e-07 5.4e-07 (RCEX-011)
Information: Library Derived Cap for layer M9 : 0.29 0.22 (RCEX-011)
Information: Library Derived Res for layer M9 : 5.9e-08 5.9e-08 (RCEX-011)
Information: Library Derived Horizontal Cap : 0.24 0.2 (RCEX-011)
Information: Library Derived Horizontal Res : 4.6e-07 4.6e-07 (RCEX-011)
Information: Library Derived Vertical Cap : 0.23 0.2 (RCEX-011)
Information: Library Derived Vertical Res : 5.4e-07 5.4e-07 (RCEX-011)
Information: Using derived R and C coefficients. (RCEX-008)
Information: Using region-based R and C coefficients. (RCEX-013)
Information: Library Derived Via Res : 8e-07 8e-07 (RCEX-011)
 CTS Successful 
Optimizing clock tree...
Operating Condition is max
No valid clocks specified, all clocks will be optimized
CTS: CTS Operating Condition(s): MAX(Worst) 
Clock name : clk 
enable delay detour in ctdn
[begin initializing data for legality checker]

Initializing Data Structure ...
INFO: legalizer_via_spacing_check_mode 0
  Reading technology information ...
    Technology table contains 9 routable metal layers
    This is considered as a 9-metal-layer design
    Reading library information from DB ...
  Reading misc information ...
    array <unit> has 0 vertical and 110 horizontal rows
  Checking information read in ...
    design style = Horizontal masters, Horizontal rows

  Preprocessing design ...
    splitting rows by natural obstacles ...
... design style 0
... number of base array 1 0
INFO:... use original rows...
[end initializing data for legality checker]
 Cannot find specified mesh net 
CTS: Top-Level OCV Path Sharing not effective when timing derating is too low
CTS: Top-Level OCV Path Sharing not effective when timing derating is too low
[begin initializing data for legality checker]

Initializing Data Structure ...
INFO: legalizer_via_spacing_check_mode 0
  Reading technology information ...
    Technology table contains 9 routable metal layers
    This is considered as a 9-metal-layer design
    Reading library information from DB ...
  Reading misc information ...
    array <unit> has 0 vertical and 110 horizontal rows
  Checking information read in ...
    design style = Horizontal masters, Horizontal rows

  Preprocessing design ...
    splitting rows by natural obstacles ...
... design style 0
... number of base array 1 0
INFO:... use original rows...
[end initializing data for legality checker]
CTS: all inverters have too large rise/fall delay skew
CTS: inverter INVX32: rise/fall delay skew = 0.326208 (> 0.200000) 
CTS: Region Aware Algorithm is automatically turned off when design has no region or only has one region.
CTS: Prepare sources for clock domain clk
CTS: Prepare sources for clock domain clk

Pruning library cells (r/f, pwr)
    Min drive = 0.210878.
    Pruning DELLN2X2 because of a gain of 110.45.
    Pruning DELLN1X2 because of a gain of 66.11.
    Pruning DELLN3X2 because of a gain of 110.45.
    Pruning NBUFFX4 because of a gain of 26.06.
    Pruning NBUFFX8 because of a gain of 27.95.
    Pruning NBUFFX16 because of a gain of 29.27.
    Pruning NBUFFX32 because of a gain of 110.45.
    Final pruned buffer set (1 buffers):
	NBUFFX2

Pruning library cells (r/f, pwr)
    Min drive = 0.210878.
    Pruning INVX0 because drive of 0.185684 is less than 0.210878.
    Pruning IBUFFX2 because of a gain of 18.43.
    Pruning IBUFFX4 because of a gain of 29.35.
    Pruning IBUFFX8 because of a gain of 56.42.
    Pruning IBUFFX16 because of a gain of 110.45.
    Pruning IBUFFX32 because of a gain of 110.45.
    Final pruned buffer set (6 buffers):
	INVX1
	INVX2
	INVX4
	INVX8
	INVX16
	INVX32
CTO-ID:    
Choosing the following cells for CTO Delay Insertion and ICDB: 
CTO-  :     DELLN1X2, 
CTO-  :     DELLN2X2, 
CTO-  :     DELLN3X2, 
CTO-  :     IBUFFX16, 
CTO-  :     IBUFFX2, 
CTO-  :     IBUFFX32, 
CTO-  :     IBUFFX4, 
CTO-  :     IBUFFX8, 
CTO-  :     INVX0, 
CTO-  :     INVX1, 
CTO-  :     INVX16, 
CTO-  :     INVX2, 
CTO-  :     INVX32, 
CTO-  :     INVX4, 
CTO-  :     INVX8, 
CTO-  :     NBUFFX16, 
CTO-  :     NBUFFX2, 
CTO-  :     NBUFFX32, 
CTO-  :     NBUFFX4, 
CTO-  :     NBUFFX8, 
CTO-  :     

Initializing multicorner optimizer...
Using primary buffers equivalent to 'NBUFFX2'.
Using primary inverters equivalent to 'INVX0'.
Technology-based gate delay scale factors (normalized to the highest):
  Corner 'max': 1.000
Technology-based wire delay scale factors (normalized to the highest):
  Corner 'max': 1.000
Information: Float pin scale factor for the 'max' operating condition of scenario 'default' is set to 1.000 (CTS-375)
Information: Float pin scale factor for the 'min' operating condition of scenario 'default' is set to 1.000 (CTS-375)
Using the following scale factors for float pins:
  Corner 'max': 1.000
Worst clock corner:  max
Worst RC delay corner:  max
Using normal effort optimization
Using pre-route mode
Using non-mv_mode
Target max transition = 0.200135
Using the CTS integrated router

Selecting library cells for optimization
    Pruning slow or multistage gate DELLN2X2.
    Pruning slow or multistage gate DELLN1X2.
    Pruning slow or multistage gate DELLN3X2.
    Pruning slow or multistage gate NBUFFX4.
    Pruning slow or multistage gate NBUFFX8.
    Pruning slow or multistage gate NBUFFX16.
    Pruning slow or multistage gate NBUFFX32.
    Final pruned buffer set (1 buffers):
	NBUFFX2

    Pruning weak driver INVX0.
    Pruning slow or multistage gate IBUFFX2.
    Pruning slow or multistage gate IBUFFX4.
    Pruning slow or multistage gate IBUFFX8.
    Pruning slow or multistage gate IBUFFX16.
    Pruning slow or multistage gate IBUFFX32.
    Final pruned inverter set (6 inverters):
	INVX1
	INVX2
	INVX4
	INVX8
	INVX16
	INVX32


Initializing parameters for clock clk:
Root pin: clk
Using max_transition: 0.500 ns
Using leaf_max_transition for clock clk: 0.500 ns
Using the following target skews for global optimization:
  Corner 'max': 0.074 ns
Using the following target skews for incremental optimization:
  Corner 'max': 0.000 ns
Using the following optimization options:
  gate sizing                   :  on
  gate relocation               :  on
  preserve levels               :  off
  area recovery                 :  on
  relax insertion delay         :  off
  balance rc                    :  off
Information: The -balance_rc option is set to false by default, because there are single CTS corner(s). (CTS-1121)
Using max_transition 0.500 ns
Using leaf_max_transition for clock clk : 0.500 ns


Starting optimization for clock clk.
Using max_transition 0.500 ns
Using leaf_max_transition for clock clk : 0.500 ns

****************************************
* Preoptimization report (clock 'clk') *
****************************************
  Corner 'max'
    Estimated Skew (r/f/b) = (0.026 0.000 0.026)
    Estimated Insertion Delay (r/f/b) = (0.185  -inf 0.185)
  Corner 'RC-ONLY'
    Estimated Skew (r/f/b) = (0.009 0.000 0.009)
    Estimated Insertion Delay (r/f/b) = (0.017  -inf 0.017)
  Wire capacitance =  1.2 pf
  Total capacitance = 2.9 pf
  Max transition = 0.223 ns
  Cells = 8 (area=180.633591)
  Inverters = 7 (area=180.633591)
  Inverter Types
  ==============
    INVX16: 7

Report DRC violations for clock clk (initial)
Total 0 DRC violations for clock clk (initial)
 Start (0.165, 0.192), End (0.165, 0.192) 

RC optimization for clock 'clk'
Corner sensitivity to RC skew (normalized to the first corner):
  Corner 'max': +0.000
12%   25%   37%   50%   62%   75%   87%   100%   
12%   25%   37%   50%   62%   75%   87%   100%   
Coarse optimization for clock 'clk'
12%   25%   37%   50%   62%   75%   87%   100%   
12%   25%   37%   50%   62%   75%   87%   100%   
12%   25%   37%   50%   62%   75%   87%   100%   
12%   25%   37%   50%   62%   75%   87%   100%   
 No back-to-back buffer chains found
 Start (0.191, 0.270), End (0.191, 0.270) 

Detailed optimization for clock 'clk'
12%   25%   37%   50%   62%   75%   87%   100%   
Using max_transition 0.500 ns
Using leaf_max_transition for clock clk : 0.500 ns
Starting optimization pass for clock clk:
Start path based optimization 
 Start (0.189, 0.257), End (0.189, 0.257) 

 Start (0.189, 0.257), End (0.189, 0.257) 

12%   25%   37%   50%   62%   75%   87%   100%   
 Start (0.189, 0.257), End (0.189, 0.257) 

 Start (0.189, 0.257), End (0.189, 0.257) 

 Start (0.189, 0.257), End (0.189, 0.257) 

 Start (0.189, 0.257), End (0.189, 0.257) 

 Start (0.189, 0.257), End (0.189, 0.257) 

 iteration 1: (0.065215, 0.258167) [0]
 iteration 2: (0.045533, 0.267015) [0]
 Total 2 cells sized on clock clk (SP) (corner 0)
 Start (0.189, 0.257), End (0.221, 0.267) 

Start area recovery: (0.221482, 0.267015)
Using max_transition 0.500 ns
Using leaf_max_transition for clock clk : 0.500 ns
Switch to low metal layer for clock 'clk':

 Total 4 out of 8 nets switched to low metal layer for clock 'clk' with largest cap change 0.00 percent
Switch metal layer for area recovery: (0.221482, 0.267015)
 Start (0.221, 0.267), End (0.221, 0.267) 

Buffer removal for area recovery: (0.221482, 0.267015)
Area recovery optimization for clock 'clk':
12%   25%   37%   50%   62%   75%   87%   100%   
Sizing for area recovery: (0.221482, 0.267015)

 Total 0 buffers removed (all paths) for clock 'clk'
Path buffer removal for area recovery: (0.221482, 0.267015)
Buffer pair removal for area recovery: (0.221482, 0.267015)
End area recovery: (0.221482, 0.267015)

*************************************************
* Multicorner optimization report (clock 'clk') *
*************************************************
  Corner 'max'
    Estimated Skew (r/f/b) = (0.046 0.000 0.046)
    Estimated Insertion Delay (r/f/b) = (0.267  -inf 0.267)
  Corner 'RC-ONLY'
    Estimated Skew (r/f/b) = (0.007 0.000 0.007)
    Estimated Insertion Delay (r/f/b) = (0.012  -inf 0.012)
  Wire capacitance =  1.2 pf
  Total capacitance = 2.7 pf
  Max transition = 0.405 ns
  Cells = 8 (area=103.219193)
  Inverters = 7 (area=103.219193)
  Inverter Types
  ==============
    INVX8: 7


++ Longest path for clock clk in corner 'max':
 object                               fan cap  trn inc  arr r location
 clk (port)                                     25   0    0 r ( 338   35) 
 clk (port)                                      0   0    0 r ( 338   35) 
 clk (net)                              1  64                 
 INVX16_G1B2I1/INP (INVX8)                      10   4    4 r ( 181  161) 
 INVX16_G1B2I1/ZN (INVX8)                      118  61   65 f ( 181  161) 
 clk_G1B1I1 (net)                       6 220                 
 INVX16_G1B1I6/INP (INVX8)                     118   4   69 f ( 237  279) 
 INVX16_G1B1I6/ZN (INVX8)                      403 191  260 r ( 237  279) 
 clk_G1B2I6 (net)                      200 462                
 u_regfile/registers_reg[19][31]/CLK (DFFARX1) 403   7  267 r ( 131  273) 


++ Shortest path for clock clk in corner 'max':
 object                               fan cap  trn inc  arr r location
 clk (port)                                     25   0    0 r ( 338   35) 
 clk (port)                                      0   0    0 r ( 338   35) 
 clk (net)                              1  64                 
 INVX16_G1B2I1/INP (INVX8)                      10   4    4 r ( 181  161) 
 INVX16_G1B2I1/ZN (INVX8)                      118  61   65 f ( 181  161) 
 clk_G1B1I1 (net)                       6 220                 
 INVX16_G1B1I2/INP (INVX8)                     118   2   67 f ( 247  164) 
 INVX16_G1B1I2/ZN (INVX8)                      318 153  220 r ( 248  163) 
 clk_G1B2I2 (net)                      155 353                
 u_regfile/registers_reg[27][26]/CLK (DFFARX1) 318   2  221 r ( 249  163) 


++ Longest path for clock clk in corner 'RC-ONLY':
 object                               fan cap  trn inc  arr r location
 clk (port)                                     25   0    0 r ( 338   35) 
 clk (port)                                      0   0    0 r ( 338   35) 
 clk (net)                              1  64                 
 INVX16_G1B2I1/INP (INVX8)                      11   4    4 r ( 181  161) 
 INVX16_G1B2I1/ZN (INVX8)                        0   0    4 f ( 181  161) 
 clk_G1B1I1 (net)                       6 220                 
 INVX16_G1B1I6/INP (INVX8)                      10   3    7 f ( 237  279) 
 INVX16_G1B1I6/ZN (INVX8)                        0   0    7 r ( 237  279) 
 clk_G1B2I6 (net)                      200 462                
 u_regfile/registers_reg[19][31]/CLK (DFFARX1)  17   5   12 r ( 131  273) 


++ Shortest path for clock clk in corner 'RC-ONLY':
 object                               fan cap  trn inc  arr r location
 clk (port)                                     25   0    0 r ( 338   35) 
 clk (port)                                      0   0    0 r ( 338   35) 
 clk (net)                              1  64                 
 INVX16_G1B2I1/INP (INVX8)                      11   4    4 r ( 181  161) 
 INVX16_G1B2I1/ZN (INVX8)                        0   0    4 f ( 181  161) 
 clk_G1B1I1 (net)                       6 220                 
 INVX16_G1B1I2/INP (INVX8)                       4   1    5 f ( 247  164) 
 INVX16_G1B1I2/ZN (INVX8)                        0   0    5 r ( 248  163) 
 clk_G1B2I2 (net)                      155 353                
 u_regfile/registers_reg[27][26]/CLK (DFFARX1)   2   1    5 r ( 249  163) 

Report DRC violations for clock clk (final)
Total 0 DRC violations for clock clk (final)

  Legalizing Placement
  --------------------

[begin initializing data for legality checker]

Initializing Data Structure ...
INFO: legalizer_via_spacing_check_mode 0
  Reading technology information ...
    Technology table contains 9 routable metal layers
    This is considered as a 9-metal-layer design
    Reading library information from DB ...
  Reading misc information ...
    array <unit> has 0 vertical and 110 horizontal rows
  Checking information read in ...
    design style = Horizontal masters, Horizontal rows

  Preprocessing design ...
    splitting rows by natural obstacles ...
... design style 0
... number of base array 1 0
INFO:... use original rows...
[end initializing data for legality checker]
 
****************************************
  Report : Chip Summary
  Design : riscv_core_synth
  Version: Q-2019.12-SP5
  Date   : Wed May  6 17:31:10 2026
****************************************
Std cell utilization: 70.57%  (77235/(109450-0))
(Non-fixed + Fixed)
Std cell utilization: 70.54%  (77123/(109450-112))
(Non-fixed only)
Chip area:            109450   sites, bbox (10.00 10.00 328.40 326.80) um
Std cell area:        77235    sites, (non-fixed:77123  fixed:112)
                      4828     cells, (non-fixed:4821   fixed:7)
Macro cell area:      0        sites
                      0        cells
Placement blockages:  0        sites, (excluding fixed std cells)
                      112      sites, (include fixed std cells & chimney area)
                      0        sites, (complete p/g net blockages)
Routing blockages:    0        sites, (partial p/g net blockages)
                      0        sites, (routing blockages and signal pre-route)
Lib cell count:       34 
Avg. std cell width:  3.73 um 
Site array:           unit     (width: 0.32 um, height: 2.88 um, rows: 110)
Physical DB scale:    1000 db_unit = 1 um 

 
****************************************
  Report : pnet options
  Design : riscv_core_synth
  Version: Q-2019.12-SP5
  Date   : Wed May  6 17:31:10 2026
****************************************


--------------------------------------------------------------------
Layer      Blockage   Min_width   Min_height   Via_additive     Density
--------------------------------------------------------------------
M1         none          ---         ---       via additive      ---
M2         none          ---         ---       via additive      ---
M3         none          ---         ---       via additive      ---
M4         none          ---         ---       via additive      ---
M5         none          ---         ---       via additive      ---
M6         none          ---         ---       via additive      ---
M7         none          ---         ---       via additive      ---
M8         none          ---         ---       via additive      ---
M9         none          ---         ---       via additive      ---
Legalizing 10 illegal cells...
Starting legalizer.
Initial legalization:  10% 20% 30% 40% 50% 60% 70% 80% 90% 100% (0 sec)
Optimizations pass 1: 10% 20% 30% 40% 50% 60% 70% 80% 90% 100% (0.0 sec)
Optimizations pass 2: 10% 20% 30% 40% 50% 60% 70% 80% 90% 100% (0.0 sec)
Optimizations pass 3: 10% 20% 30% 40% 50% 60% 70% 80% 90% 100% (0.0 sec)
Legalization complete (0 total sec)
 
****************************************
  Report : Legalize Displacement
  Design : riscv_core_synth
  Version: Q-2019.12-SP5
  Date   : Wed May  6 17:31:11 2026
****************************************

avg cell displacement:    1.750 um ( 0.61 row height)
max cell displacement:    4.073 um ( 1.41 row height)
std deviation:            1.114 um ( 0.39 row height)
number of cell moved:        27 cells (out of 4821 cells)

Total 0 cells has large displacement (e.g. > 8.640 um or 3 row height)


  Placement Legalization Complete
  -------------------------------

Information: Updating database...
Unsetting the GR Options
LR: 4 out of 8 clock nets rerouted
LR: Clock routing service terminated
Invalidate design extracted status
Optimize clock tree Successful...
Routing clock nets...
Warning: Ignore contact DIFFCON. (ZRT-015)
Turn off antenna since no rule is specified
Cell Min-Routing-Layer = M1
Cell Max-Routing-Layer = M9
Information: Multiple default contact VIA12C found for layer VIA1. (ZRT-021)
Warning: Contact VIA89's lower layer enclosure width does not satisfy end of line enclosure design rule. (ZRT-042)
Warning: Contact VIA89's upper layer enclosure width does not satisfy end of line enclosure design rule. (ZRT-042)
Warning: Contact VIA89's lower layer enclosure height does not satisfy end of line enclosure design rule. (ZRT-042)
Warning: Contact VIA89's upper layer enclosure height does not satisfy end of line enclosure design rule. (ZRT-042)
Warning: Contact VIA89C's lower layer enclosure height does not satisfy end of line enclosure design rule. (ZRT-042)
Warning: Contact VIA89C's upper layer enclosure width does not satisfy end of line enclosure design rule. (ZRT-042)
Warning: Contact VIA89C's lower layer enclosure width does not satisfy end of line enclosure design rule. (ZRT-042)
Warning: Contact VIA89C's upper layer enclosure height does not satisfy end of line enclosure design rule. (ZRT-042)
Via on layer (VIA1) needs more than one tracks
Warning: Layer M2 pitch 0.320 may be too small: wire/via-down 0.360, wire/via-up 0.320. (ZRT-026)
Via on layer (VIA3) needs more than one tracks
Warning: Layer M3 pitch 0.320 may be too small: wire/via-down 0.320, wire/via-up 0.360. (ZRT-026)
Via on layer (VIA3) needs more than one tracks
Warning: Layer M4 pitch 0.320 may be too small: wire/via-down 0.360, wire/via-up 0.320. (ZRT-026)
Via on layer (VIA5) needs more than one tracks
Warning: Layer M5 pitch 0.320 may be too small: wire/via-down 0.320, wire/via-up 0.360. (ZRT-026)
Via on layer (VIA5) needs more than one tracks
Warning: Layer M6 pitch 0.320 may be too small: wire/via-down 0.360, wire/via-up 0.320. (ZRT-026)
Via on layer (VIA7) needs more than one tracks
Warning: Layer M7 pitch 0.320 may be too small: wire/via-down 0.320, wire/via-up 0.360. (ZRT-026)
Wire on layer (M8) needs more than one tracks
Via on layer (VIA7) needs more than one tracks
Via on layer (VIA8) needs more than one tracks
Warning: Layer M8 pitch 0.320 may be too small: wire/via-down 0.360, wire/via-up 0.465. (ZRT-026)
Transition layer name: M8(7)
Start Global Route ... 
[Init] Elapsed real time: 0:00:00 
[Init] Elapsed cpu  time: sys=0:00:00 usr=0:00:00 total=0:00:00
[Init] Stage (MB): Used    0  Alloctr    0  Proc    0 
[Init] Total (MB): Used   97  Alloctr   98  Proc 2083 
Printing options for 'set_route_zrt_common_options'

Printing options for 'set_route_zrt_global_options'

Begin global routing.
Constructing data structure ...
Design statistics:
Design Bounding Box (0.00,0.00,338.40,336.80)
Number of routing layers = 9
layer M1, dir Hor, min width = 0.14, min space = 0.14 pitch = 0.32
layer M2, dir Ver, min width = 0.16, min space = 0.16 pitch = 0.32
layer M3, dir Hor, min width = 0.16, min space = 0.16 pitch = 0.32
layer M4, dir Ver, min width = 0.16, min space = 0.16 pitch = 0.32
layer M5, dir Hor, min width = 0.16, min space = 0.16 pitch = 0.32
layer M6, dir Ver, min width = 0.16, min space = 0.16 pitch = 0.32
layer M7, dir Hor, min width = 0.16, min space = 0.16 pitch = 0.32
layer M8, dir Ver, min width = 0.16, min space = 0.16 pitch = 0.32
layer M9, dir Hor, min width = 0.45, min space = 0.45 pitch = 0.90
Current Stage stats:
[End of Build Tech Data] Elapsed real time: 0:00:00 
[End of Build Tech Data] Elapsed cpu  time: sys=0:00:00 usr=0:00:00 total=0:00:00
[End of Build Tech Data] Stage (MB): Used    1  Alloctr    1  Proc    0 
[End of Build Tech Data] Total (MB): Used   99  Alloctr  100  Proc 2083 
Warning: Power net VSS has no power preroutes, skip tie-off. (ZRT-101)
Net statistics:
Total number of nets     = 4944
Number of nets to route  = 8
Number of nets with min-layer-mode soft = 8
Number of nets with min-layer-mode soft-cost-medium = 8
Number of nets with max-layer-mode hard = 6
9 nets are fully connected,
 of which 1 are detail routed and 8 are global routed.
Current Stage stats:
[End of Build All Nets] Elapsed real time: 0:00:00 
[End of Build All Nets] Elapsed cpu  time: sys=0:00:00 usr=0:00:00 total=0:00:00
[End of Build All Nets] Stage (MB): Used    2  Alloctr    2  Proc    0 
[End of Build All Nets] Total (MB): Used  101  Alloctr  102  Proc 2083 
Average gCell capacity  2.27	 on layer (1)	 M1
Average gCell capacity  9.10	 on layer (2)	 M2
Average gCell capacity  9.05	 on layer (3)	 M3
Average gCell capacity  9.10	 on layer (4)	 M4
Average gCell capacity  9.06	 on layer (5)	 M5
Average gCell capacity  9.10	 on layer (6)	 M6
Average gCell capacity  9.06	 on layer (7)	 M7
Average gCell capacity  9.10	 on layer (8)	 M8
Average gCell capacity  3.21	 on layer (9)	 M9
Average number of tracks per gCell 9.09	 on layer (1)	 M1
Average number of tracks per gCell 9.12	 on layer (2)	 M2
Average number of tracks per gCell 9.08	 on layer (3)	 M3
Average number of tracks per gCell 9.12	 on layer (4)	 M4
Average number of tracks per gCell 9.08	 on layer (5)	 M5
Average number of tracks per gCell 9.12	 on layer (6)	 M6
Average number of tracks per gCell 9.08	 on layer (7)	 M7
Average number of tracks per gCell 9.12	 on layer (8)	 M8
Average number of tracks per gCell 3.22	 on layer (9)	 M9
Number of gCells = 121104
Current Stage stats:
[End of Build Congestion map] Elapsed real time: 0:00:00 
[End of Build Congestion map] Elapsed cpu  time: sys=0:00:00 usr=0:00:00 total=0:00:00
[End of Build Congestion map] Stage (MB): Used    0  Alloctr    0  Proc    0 
[End of Build Congestion map] Total (MB): Used  102  Alloctr  102  Proc 2083 
Total stats:
[End of Build Data] Elapsed real time: 0:00:00 
[End of Build Data] Elapsed cpu  time: sys=0:00:00 usr=0:00:00 total=0:00:00
[End of Build Data] Stage (MB): Used    4  Alloctr    4  Proc    0 
[End of Build Data] Total (MB): Used  102  Alloctr  103  Proc 2083 
Current Stage stats:
[End of Blocked Pin Detection] Elapsed real time: 0:00:00 
[End of Blocked Pin Detection] Elapsed cpu  time: sys=0:00:00 usr=0:00:00 total=0:00:00
[End of Blocked Pin Detection] Stage (MB): Used    0  Alloctr    0  Proc    0 
[End of Blocked Pin Detection] Total (MB): Used  102  Alloctr  103  Proc 2083 
Information: Using 1 threads for routing. (ZRT-444)
multi gcell levels ON

Start GR phase 0
Current Stage stats:
[End of Initial Routing] Elapsed real time: 0:00:00 
[End of Initial Routing] Elapsed cpu  time: sys=0:00:00 usr=0:00:00 total=0:00:00
[End of Initial Routing] Stage (MB): Used    0  Alloctr    0  Proc    0 
[End of Initial Routing] Total (MB): Used  102  Alloctr  103  Proc 2083 
Initial. Routing result:
Initial. Both Dirs: Overflow =     0 Max = 0 GRCs =     0 (0.00%)
Initial. H routing: Overflow =     0 Max = 0 (GRCs =  0) GRCs =     0 (0.00%)
Initial. V routing: Overflow =     0 Max = 0 (GRCs =  0) GRCs =     0 (0.00%)
Initial. M1         Overflow =     0 Max = 0 (GRCs =  0) GRCs =     0 (0.00%)
Initial. M2         Overflow =     0 Max = 0 (GRCs =  0) GRCs =     0 (0.00%)
Initial. M3         Overflow =     0 Max = 0 (GRCs =  0) GRCs =     0 (0.00%)
Initial. M4         Overflow =     0 Max = 0 (GRCs =  0) GRCs =     0 (0.00%)
Initial. M5         Overflow =     0 Max = 0 (GRCs =  0) GRCs =     0 (0.00%)
Initial. M6         Overflow =     0 Max = 0 (GRCs =  0) GRCs =     0 (0.00%)
Initial. M7         Overflow =     0 Max = 0 (GRCs =  0) GRCs =     0 (0.00%)
Initial. M8         Overflow =     0 Max = 0 (GRCs =  0) GRCs =     0 (0.00%)
Initial. M9         Overflow =     0 Max = 0 (GRCs =  0) GRCs =     0 (0.00%)

Initial. Total Wire Length = 8604.00
Initial. Layer M1 wire length = 0.00
Initial. Layer M2 wire length = 0.00
Initial. Layer M3 wire length = 3818.88
Initial. Layer M4 wire length = 4008.96
Initial. Layer M5 wire length = 0.00
Initial. Layer M6 wire length = 0.00
Initial. Layer M7 wire length = 0.00
Initial. Layer M8 wire length = 443.52
Initial. Layer M9 wire length = 332.64
Initial. Total Number of Contacts = 3295
Initial. Via VIA12C count = 1037
Initial. Via VIA23C count = 1037
Initial. Via VIA34C count = 1174
Initial. Via VIA45C count = 9
Initial. Via VIA56C count = 9
Initial. Via VIA67C count = 9
Initial. Via VIA78C count = 9
Initial. Via VIA89C count = 11
Initial. completed.

Start GR phase 1
Current Stage stats:
[End of Phase1 Routing] Elapsed real time: 0:00:00 
[End of Phase1 Routing] Elapsed cpu  time: sys=0:00:00 usr=0:00:00 total=0:00:00
[End of Phase1 Routing] Stage (MB): Used    0  Alloctr    0  Proc    0 
[End of Phase1 Routing] Total (MB): Used  102  Alloctr  103  Proc 2083 
phase1. Routing result:
phase1. Both Dirs: Overflow =     0 Max = 0 GRCs =     0 (0.00%)
phase1. H routing: Overflow =     0 Max = 0 (GRCs =  0) GRCs =     0 (0.00%)
phase1. V routing: Overflow =     0 Max = 0 (GRCs =  0) GRCs =     0 (0.00%)
phase1. M1         Overflow =     0 Max = 0 (GRCs =  0) GRCs =     0 (0.00%)
phase1. M2         Overflow =     0 Max = 0 (GRCs =  0) GRCs =     0 (0.00%)
phase1. M3         Overflow =     0 Max = 0 (GRCs =  0) GRCs =     0 (0.00%)
phase1. M4         Overflow =     0 Max = 0 (GRCs =  0) GRCs =     0 (0.00%)
phase1. M5         Overflow =     0 Max = 0 (GRCs =  0) GRCs =     0 (0.00%)
phase1. M6         Overflow =     0 Max = 0 (GRCs =  0) GRCs =     0 (0.00%)
phase1. M7         Overflow =     0 Max = 0 (GRCs =  0) GRCs =     0 (0.00%)
phase1. M8         Overflow =     0 Max = 0 (GRCs =  0) GRCs =     0 (0.00%)
phase1. M9         Overflow =     0 Max = 0 (GRCs =  0) GRCs =     0 (0.00%)

phase1. Total Wire Length = 8604.00
phase1. Layer M1 wire length = 0.00
phase1. Layer M2 wire length = 0.00
phase1. Layer M3 wire length = 3818.88
phase1. Layer M4 wire length = 4008.96
phase1. Layer M5 wire length = 0.00
phase1. Layer M6 wire length = 0.00
phase1. Layer M7 wire length = 0.00
phase1. Layer M8 wire length = 443.52
phase1. Layer M9 wire length = 332.64
phase1. Total Number of Contacts = 3295
phase1. Via VIA12C count = 1037
phase1. Via VIA23C count = 1037
phase1. Via VIA34C count = 1174
phase1. Via VIA45C count = 9
phase1. Via VIA56C count = 9
phase1. Via VIA67C count = 9
phase1. Via VIA78C count = 9
phase1. Via VIA89C count = 11
phase1. completed.

Start GR phase 2
Current Stage stats:
[End of Phase2 Routing] Elapsed real time: 0:00:00 
[End of Phase2 Routing] Elapsed cpu  time: sys=0:00:00 usr=0:00:00 total=0:00:00
[End of Phase2 Routing] Stage (MB): Used    0  Alloctr    0  Proc    0 
[End of Phase2 Routing] Total (MB): Used  102  Alloctr  103  Proc 2083 
phase2. Routing result:
phase2. Both Dirs: Overflow =     0 Max = 0 GRCs =     0 (0.00%)
phase2. H routing: Overflow =     0 Max = 0 (GRCs =  0) GRCs =     0 (0.00%)
phase2. V routing: Overflow =     0 Max = 0 (GRCs =  0) GRCs =     0 (0.00%)
phase2. M1         Overflow =     0 Max = 0 (GRCs =  0) GRCs =     0 (0.00%)
phase2. M2         Overflow =     0 Max = 0 (GRCs =  0) GRCs =     0 (0.00%)
phase2. M3         Overflow =     0 Max = 0 (GRCs =  0) GRCs =     0 (0.00%)
phase2. M4         Overflow =     0 Max = 0 (GRCs =  0) GRCs =     0 (0.00%)
phase2. M5         Overflow =     0 Max = 0 (GRCs =  0) GRCs =     0 (0.00%)
phase2. M6         Overflow =     0 Max = 0 (GRCs =  0) GRCs =     0 (0.00%)
phase2. M7         Overflow =     0 Max = 0 (GRCs =  0) GRCs =     0 (0.00%)
phase2. M8         Overflow =     0 Max = 0 (GRCs =  0) GRCs =     0 (0.00%)
phase2. M9         Overflow =     0 Max = 0 (GRCs =  0) GRCs =     0 (0.00%)

phase2. Total Wire Length = 8604.00
phase2. Layer M1 wire length = 0.00
phase2. Layer M2 wire length = 0.00
phase2. Layer M3 wire length = 3818.88
phase2. Layer M4 wire length = 4008.96
phase2. Layer M5 wire length = 0.00
phase2. Layer M6 wire length = 0.00
phase2. Layer M7 wire length = 0.00
phase2. Layer M8 wire length = 443.52
phase2. Layer M9 wire length = 332.64
phase2. Total Number of Contacts = 3295
phase2. Via VIA12C count = 1037
phase2. Via VIA23C count = 1037
phase2. Via VIA34C count = 1174
phase2. Via VIA45C count = 9
phase2. Via VIA56C count = 9
phase2. Via VIA67C count = 9
phase2. Via VIA78C count = 9
phase2. Via VIA89C count = 11
phase2. completed.
[End of Whole Chip Routing] Elapsed real time: 0:00:00 
[End of Whole Chip Routing] Elapsed cpu  time: sys=0:00:00 usr=0:00:00 total=0:00:00
[End of Whole Chip Routing] Stage (MB): Used    4  Alloctr    4  Proc    0 
[End of Whole Chip Routing] Total (MB): Used  102  Alloctr  103  Proc 2083 

Congestion utilization per direction:
Average vertical track utilization   =  0.39 %
Peak    vertical track utilization   = 25.00 %
Average horizontal track utilization =  0.52 %
Peak    horizontal track utilization = 26.67 %

Current Stage stats:
[GR: Done] Elapsed real time: 0:00:00 
[GR: Done] Elapsed cpu  time: sys=0:00:00 usr=0:00:00 total=0:00:00
[GR: Done] Stage (MB): Used   -1  Alloctr   -1  Proc    0 
[GR: Done] Total (MB): Used  101  Alloctr  102  Proc 2083 
GR Total stats:
[GR: Done] Elapsed real time: 0:00:00 
[GR: Done] Elapsed cpu  time: sys=0:00:00 usr=0:00:00 total=0:00:00
[GR: Done] Stage (MB): Used    3  Alloctr    3  Proc    0 
[GR: Done] Total (MB): Used  101  Alloctr  102  Proc 2083 
Updating congestion ...
Final total stats:
[End of Global Routing] Elapsed real time: 0:00:00 
[End of Global Routing] Elapsed cpu  time: sys=0:00:00 usr=0:00:00 total=0:00:00
[End of Global Routing] Stage (MB): Used    0  Alloctr    0  Proc    0 
[End of Global Routing] Total (MB): Used   98  Alloctr   98  Proc 2083 

Start track assignment

Printing options for 'set_route_zrt_common_options'

Printing options for 'set_route_zrt_track_options'

Information: Using 1 threads for routing. (ZRT-444)

[Track Assign: Read routes] Elapsed real time: 0:00:00 
[Track Assign: Read routes] Elapsed cpu  time: sys=0:00:00 usr=0:00:00 total=0:00:00
[Track Assign: Read routes] Stage (MB): Used    1  Alloctr    1  Proc    0 
[Track Assign: Read routes] Total (MB): Used   95  Alloctr   95  Proc 2083 

Start initial assignment

Assign Horizontal partitions, iteration 0
Routed partition 1/11      
Routed partition 2/11      
Routed partition 3/11      
Routed partition 4/11      
Routed partition 5/11      
Routed partition 6/11      
Routed partition 7/11      
Routed partition 8/11      
Routed partition 9/11      
Routed partition 10/11     
Routed partition 11/11     

Assign Vertical partitions, iteration 0
Routed partition 1/11      
Routed partition 2/11      
Routed partition 3/11      
Routed partition 4/11      
Routed partition 5/11      
Routed partition 6/11      
Routed partition 7/11      
Routed partition 8/11      
Routed partition 9/11      
Routed partition 10/11     
Routed partition 11/11     

Number of wires with overlap after iteration 0 = 328 of 3109


[Track Assign: Iteration 0] Elapsed real time: 0:00:00 
[Track Assign: Iteration 0] Elapsed cpu  time: sys=0:00:00 usr=0:00:00 total=0:00:00
[Track Assign: Iteration 0] Stage (MB): Used    1  Alloctr    1  Proc    0 
[Track Assign: Iteration 0] Total (MB): Used   95  Alloctr   96  Proc 2083 

Reroute to fix overlaps

Assign Horizontal partitions, iteration 1
Routed partition 1/11      
Routed partition 2/11      
Routed partition 3/11      
Routed partition 4/11      
Routed partition 5/11      
Routed partition 6/11      
Routed partition 7/11      
Routed partition 8/11      
Routed partition 9/11      
Routed partition 10/11     
Routed partition 11/11     

Assign Vertical partitions, iteration 1
Routed partition 1/11      
Routed partition 2/11      
Routed partition 3/11      
Routed partition 4/11      
Routed partition 5/11      
Routed partition 6/11      
Routed partition 7/11      
Routed partition 8/11      
Routed partition 9/11      
Routed partition 10/11     
Routed partition 11/11     

[Track Assign: Iteration 1] Elapsed real time: 0:00:00 
[Track Assign: Iteration 1] Elapsed cpu  time: sys=0:00:00 usr=0:00:00 total=0:00:00
[Track Assign: Iteration 1] Stage (MB): Used    1  Alloctr    1  Proc    0 
[Track Assign: Iteration 1] Total (MB): Used   95  Alloctr   96  Proc 2083 

Number of wires with overlap after iteration 1 = 25 of 1976


Wire length and via report:
---------------------------
Number of M1 wires: 2 		 POLYCON: 0
Number of M2 wires: 3 		 VIA12C: 1037
Number of M3 wires: 1021 		 VIA23C: 1037
Number of M4 wires: 928 		 VIA34C: 1244
Number of M5 wires: 0 		 VIA45C: 9
Number of M6 wires: 0 		 VIA56C: 9
Number of M7 wires: 2 		 VIA67C: 9
Number of M8 wires: 11 		 VIA78C: 9
Number of M9 wires: 9 		 VIA89C: 11
Total number of wires: 1976 		 vias: 3365

Total M1 wire length: 1.1
Total M2 wire length: 0.7
Total M3 wire length: 3980.0
Total M4 wire length: 4034.6
Total M5 wire length: 0.0
Total M6 wire length: 0.0
Total M7 wire length: 0.6
Total M8 wire length: 443.2
Total M9 wire length: 333.1
Total wire length: 8793.2

Longest M1 wire length: 0.9
Longest M2 wire length: 0.3
Longest M3 wire length: 33.6
Longest M4 wire length: 34.6
Longest M5 wire length: 0.0
Longest M6 wire length: 0.0
Longest M7 wire length: 0.3
Longest M8 wire length: 125.0
Longest M9 wire length: 154.9


[Track Assign: Done] Elapsed real time: 0:00:00 
[Track Assign: Done] Elapsed cpu  time: sys=0:00:00 usr=0:00:00 total=0:00:00
[Track Assign: Done] Stage (MB): Used    0  Alloctr    0  Proc    0 
[Track Assign: Done] Total (MB): Used   94  Alloctr   95  Proc 2083 
Printing options for 'set_route_zrt_common_options'

Printing options for 'set_route_zrt_detail_options'

[Dr init] Elapsed real time: 0:00:00 
[Dr init] Elapsed cpu  time: sys=0:00:00 usr=0:00:00 total=0:00:00
[Dr init] Stage (MB): Used    6  Alloctr    6  Proc    0 
[Dr init] Total (MB): Used  100  Alloctr  101  Proc 2083 
Total number of nets = 4944, of which 0 are not extracted
Total number of open nets = 4934, of which 0 are frozen
Information: Using 1 threads for routing. (ZRT-444)
Start DR iteration 0: uniform partition
Routed	1/144 Partitions, Violations =	0
Routed	2/144 Partitions, Violations =	0
Routed	3/144 Partitions, Violations =	0
Routed	4/144 Partitions, Violations =	0
Routed	5/144 Partitions, Violations =	0
Routed	6/144 Partitions, Violations =	0
Routed	7/144 Partitions, Violations =	0
Routed	8/144 Partitions, Violations =	0
Routed	9/144 Partitions, Violations =	0
Routed	10/144 Partitions, Violations =	0
Routed	11/144 Partitions, Violations =	0
Routed	12/144 Partitions, Violations =	0
Routed	13/144 Partitions, Violations =	0
Routed	14/144 Partitions, Violations =	0
Routed	15/144 Partitions, Violations =	0
Routed	16/144 Partitions, Violations =	0
Routed	17/144 Partitions, Violations =	0
Routed	18/144 Partitions, Violations =	0
Routed	19/144 Partitions, Violations =	0
Routed	20/144 Partitions, Violations =	0
Routed	21/144 Partitions, Violations =	0
Routed	22/144 Partitions, Violations =	0
Routed	23/144 Partitions, Violations =	0
Routed	24/144 Partitions, Violations =	0
Routed	25/144 Partitions, Violations =	0
Routed	26/144 Partitions, Violations =	0
Routed	27/144 Partitions, Violations =	0
Routed	28/144 Partitions, Violations =	0
Routed	29/144 Partitions, Violations =	0
Routed	30/144 Partitions, Violations =	0
Routed	31/144 Partitions, Violations =	1
Routed	32/144 Partitions, Violations =	1
Routed	33/144 Partitions, Violations =	1
Routed	34/144 Partitions, Violations =	1
Routed	35/144 Partitions, Violations =	1
Routed	36/144 Partitions, Violations =	1
Routed	37/144 Partitions, Violations =	1
Routed	38/144 Partitions, Violations =	1
Routed	39/144 Partitions, Violations =	0
Routed	40/144 Partitions, Violations =	0
Routed	41/144 Partitions, Violations =	0
Routed	42/144 Partitions, Violations =	0
Routed	43/144 Partitions, Violations =	0
Routed	44/144 Partitions, Violations =	0
Routed	45/144 Partitions, Violations =	0
Routed	46/144 Partitions, Violations =	0
Routed	47/144 Partitions, Violations =	0
Routed	48/144 Partitions, Violations =	0
Routed	49/144 Partitions, Violations =	0
Routed	50/144 Partitions, Violations =	0
Routed	51/144 Partitions, Violations =	1
Routed	52/144 Partitions, Violations =	1
Routed	53/144 Partitions, Violations =	1
Routed	54/144 Partitions, Violations =	1
Routed	55/144 Partitions, Violations =	1
Routed	56/144 Partitions, Violations =	1
Routed	57/144 Partitions, Violations =	1
Routed	58/144 Partitions, Violations =	1
Routed	59/144 Partitions, Violations =	1
Routed	60/144 Partitions, Violations =	1
Routed	61/144 Partitions, Violations =	0
Routed	62/144 Partitions, Violations =	0
Routed	63/144 Partitions, Violations =	0
Routed	64/144 Partitions, Violations =	0
Routed	65/144 Partitions, Violations =	0
Routed	67/144 Partitions, Violations =	0
Routed	68/144 Partitions, Violations =	0
Routed	69/144 Partitions, Violations =	0
Routed	70/144 Partitions, Violations =	0
Routed	71/144 Partitions, Violations =	0
Routed	72/144 Partitions, Violations =	0
Routed	73/144 Partitions, Violations =	0
Routed	74/144 Partitions, Violations =	0
Routed	75/144 Partitions, Violations =	0
Routed	76/144 Partitions, Violations =	0
Routed	79/144 Partitions, Violations =	0
Routed	80/144 Partitions, Violations =	0
Routed	81/144 Partitions, Violations =	0
Routed	82/144 Partitions, Violations =	0
Routed	83/144 Partitions, Violations =	0
Routed	84/144 Partitions, Violations =	0
Routed	85/144 Partitions, Violations =	1
Routed	87/144 Partitions, Violations =	1
Routed	90/144 Partitions, Violations =	1
Routed	91/144 Partitions, Violations =	1
Routed	92/144 Partitions, Violations =	1
Routed	93/144 Partitions, Violations =	1
Routed	94/144 Partitions, Violations =	1
Routed	95/144 Partitions, Violations =	0
Routed	96/144 Partitions, Violations =	0
Routed	97/144 Partitions, Violations =	0
Routed	100/144 Partitions, Violations =	0
Routed	101/144 Partitions, Violations =	0
Routed	102/144 Partitions, Violations =	0
Routed	103/144 Partitions, Violations =	0
Routed	104/144 Partitions, Violations =	0
Routed	105/144 Partitions, Violations =	0
Routed	106/144 Partitions, Violations =	0
Routed	107/144 Partitions, Violations =	0
Routed	109/144 Partitions, Violations =	0
Routed	110/144 Partitions, Violations =	0
Routed	111/144 Partitions, Violations =	0
Routed	112/144 Partitions, Violations =	0
Routed	113/144 Partitions, Violations =	1
Routed	114/144 Partitions, Violations =	1
Routed	115/144 Partitions, Violations =	1
Routed	117/144 Partitions, Violations =	1
Routed	118/144 Partitions, Violations =	1
Routed	119/144 Partitions, Violations =	1
Routed	120/144 Partitions, Violations =	0
Routed	121/144 Partitions, Violations =	0
Routed	122/144 Partitions, Violations =	1
Routed	123/144 Partitions, Violations =	1
Routed	124/144 Partitions, Violations =	1
Routed	125/144 Partitions, Violations =	1
Routed	126/144 Partitions, Violations =	1
Routed	127/144 Partitions, Violations =	1
Routed	128/144 Partitions, Violations =	0
Routed	129/144 Partitions, Violations =	0
Routed	130/144 Partitions, Violations =	0
Routed	131/144 Partitions, Violations =	0
Routed	132/144 Partitions, Violations =	0
Routed	133/144 Partitions, Violations =	1
Routed	134/144 Partitions, Violations =	1
Routed	135/144 Partitions, Violations =	1
Routed	136/144 Partitions, Violations =	1
Routed	137/144 Partitions, Violations =	0
Routed	138/144 Partitions, Violations =	0
Routed	139/144 Partitions, Violations =	0
Routed	140/144 Partitions, Violations =	0
Routed	141/144 Partitions, Violations =	0
Routed	142/144 Partitions, Violations =	0
Routed	143/144 Partitions, Violations =	0
Routed	144/144 Partitions, Violations =	0

DRC-SUMMARY:
	@@@@@@@ TOTAL VIOLATIONS =	0

[Iter 0] Elapsed real time: 0:00:00 
[Iter 0] Elapsed cpu  time: sys=0:00:00 usr=0:00:00 total=0:00:00
[Iter 0] Stage (MB): Used   14  Alloctr   14  Proc    0 
[Iter 0] Total (MB): Used  108  Alloctr  109  Proc 2083 

End DR iteration 0 with 144 parts

Finish DR since reached 0 DRC

[DR] Elapsed real time: 0:00:00 
[DR] Elapsed cpu  time: sys=0:00:00 usr=0:00:00 total=0:00:00
[DR] Stage (MB): Used    0  Alloctr    0  Proc    0 
[DR] Total (MB): Used   94  Alloctr   95  Proc 2083 
[DR: Done] Elapsed real time: 0:00:00 
[DR: Done] Elapsed cpu  time: sys=0:00:00 usr=0:00:00 total=0:00:00
[DR: Done] Stage (MB): Used    0  Alloctr    0  Proc    0 
[DR: Done] Total (MB): Used   94  Alloctr   95  Proc 2083 

DR finished with 0 open nets, of which 0 are frozen

DR finished with 0 violations

DRC-SUMMARY:
	@@@@@@@ TOTAL VIOLATIONS =	0



Total Wire Length =                    9099 micron
Total Number of Contacts =             3336
Total Number of Wires =                1965
Total Number of PtConns =              1387
Total Number of Routed Wires =       1965
Total Routed Wire Length =           8766 micron
Total Number of Routed Contacts =       3336
	Layer          M1 :          1 micron
	Layer          M2 :        249 micron
	Layer          M3 :       4030 micron
	Layer          M4 :       4036 micron
	Layer          M5 :          2 micron
	Layer          M6 :          2 micron
	Layer          M7 :          2 micron
	Layer          M8 :        443 micron
	Layer          M9 :        333 micron
	Via        VIA89C :         11
	Via   VIA78C(rot) :          9
	Via        VIA67C :          9
	Via   VIA56C(rot) :          9
	Via        VIA45C :          9
	Via        VIA34C :        214
	Via   VIA34C(rot) :       1001
	Via        VIA23C :       1037
	Via   VIA12C(rot) :       1037

 
Redundant via conversion report:
--------------------------------

  Total optimized via conversion rate =  0.00% (0 / 3336 vias)
 
    Layer VIA1       =  0.00% (0      / 1037    vias)
        Un-optimized = 100.00% (1037    vias)
    Layer VIA2       =  0.00% (0      / 1037    vias)
        Un-optimized = 100.00% (1037    vias)
    Layer VIA3       =  0.00% (0      / 1215    vias)
        Un-optimized = 100.00% (1215    vias)
    Layer VIA4       =  0.00% (0      / 9       vias)
        Un-optimized = 100.00% (9       vias)
    Layer VIA5       =  0.00% (0      / 9       vias)
        Un-optimized = 100.00% (9       vias)
    Layer VIA6       =  0.00% (0      / 9       vias)
        Un-optimized = 100.00% (9       vias)
    Layer VIA7       =  0.00% (0      / 9       vias)
        Un-optimized = 100.00% (9       vias)
    Layer VIA8       =  0.00% (0      / 11      vias)
        Un-optimized = 100.00% (11      vias)
 
  Total double via conversion rate    =  0.00% (0 / 3336 vias)
 
    Layer VIA1       =  0.00% (0      / 1037    vias)
    Layer VIA2       =  0.00% (0      / 1037    vias)
    Layer VIA3       =  0.00% (0      / 1215    vias)
    Layer VIA4       =  0.00% (0      / 9       vias)
    Layer VIA5       =  0.00% (0      / 9       vias)
    Layer VIA6       =  0.00% (0      / 9       vias)
    Layer VIA7       =  0.00% (0      / 9       vias)
    Layer VIA8       =  0.00% (0      / 11      vias)
 
  The optimized via conversion rate based on total routed via count =  0.00% (0 / 3336 vias)
 
    Layer VIA1       =  0.00% (0      / 1037    vias)
        Un-optimized = 100.00% (1037    vias)
    Layer VIA2       =  0.00% (0      / 1037    vias)
        Un-optimized = 100.00% (1037    vias)
    Layer VIA3       =  0.00% (0      / 1215    vias)
        Un-optimized = 100.00% (1215    vias)
    Layer VIA4       =  0.00% (0      / 9       vias)
        Un-optimized = 100.00% (9       vias)
    Layer VIA5       =  0.00% (0      / 9       vias)
        Un-optimized = 100.00% (9       vias)
    Layer VIA6       =  0.00% (0      / 9       vias)
        Un-optimized = 100.00% (9       vias)
    Layer VIA7       =  0.00% (0      / 9       vias)
        Un-optimized = 100.00% (9       vias)
    Layer VIA8       =  0.00% (0      / 11      vias)
        Un-optimized = 100.00% (11      vias)
 

Total number of nets = 4944
0 open nets, of which 0 are frozen
Total number of excluded ports = 0 ports of 0 unplaced cells connected to 0 nets
                                 0 ports without pins of 0 cells connected to 0 nets
                                 0 ports of 0 cover cells connected to 0 non-pg nets
Total number of DRCs = 0
Total number of antenna violations = antenna checking not active
Total number of voltage-area violations = no voltage-areas defined
Topology ECO iteration 1 ended with 0 qualifying violations.
Updating the database ...
Information: RC extraction has been freed. (PSYN-503)
Routing of clock nets Successful.
RC Extraction...

  Loading design 'riscv_core_synth'




Information: Library Manufacturing Grid(GridResolution) : 5
Information: Time Unit from Milkyway design library: 'ns' 
Information: Design Library and main library timing units are matched - 1.000 ns. 
Information: Resistance Unit from Milkyway design library: 'kohm' 
Warning: Mismatch in the main library and the Milkyway library resistance units. In the main library it is 1000.000 kohm and in the Milkyway design library it is 1.000 kohm. Check and correct the resistance units in the .tf and .db files. (PSYN-476)
Information: Capacitance Unit from Milkyway design library: 'pf' 
Warning: Mismatch in the main and the Milkyway library capacitance units. In the main library it is 0.001 pf and in the Milkyway design library it is 1.000 pf. Check and correct the capacitance units in the .tf and .db files. (PSYN-477)
Warning: Inconsistent library data found for layer PO. (RCEX-018)
Information: The distance unit in Capacitance and Resistance is 1 micron. (RCEX-007)
Information: The RC model used is detail route TLU+. (RCEX-015)
Information: Start mixed mode parasitic extraction. (RCEX-023)
Information: Start rc extraction...
Warning: Not enough nets are routed (8/4943 < 0.66667); will do extraction by using placement congestion map as background. (RCEX-047)
Information: Parasitic source is LPE. (RCEX-040)
Information: Parasitic mode is RealRVirtualC. (RCEX-041)
Information: Using virtual shield extraction. (RCEX-081)
Information: Extraction mode is MIN_MAX. (RCEX-042)
Information: Extraction derate is 125/125/125. (RCEX-043)
Information: Start back annotation for parasitic extraction. (RCEX-023)
Information: End back annotation for parasitic extraction. (RCEX-023)
Information: Start timing update for parasitic extraction. (RCEX-023)
Information: End timing update for parasitic extraction. (RCEX-023)
Information: End parasitic extraction. (RCEX-023)
Information: Start rc update...
****************************************************************
Information: TLUPlus based RC computation is enabled. (RCEX-141)
****************************************************************
Information: The distance unit in Capacitance and Resistance is 1 micron. (RCEX-007)
Information: The RC model used is TLU+. (RCEX-015)
Information: Library Derived Cap for layer M1 : 0.22 0.19 (RCEX-011)
Information: Library Derived Res for layer M1 : 6.4e-07 6.4e-07 (RCEX-011)
Information: Library Derived Cap for layer M2 : 0.25 0.21 (RCEX-011)
Information: Library Derived Res for layer M2 : 5.6e-07 5.6e-07 (RCEX-011)
Information: Library Derived Cap for layer M3 : 0.25 0.21 (RCEX-011)
Information: Library Derived Res for layer M3 : 5.6e-07 5.6e-07 (RCEX-011)
Information: Library Derived Cap for layer M4 : 0.25 0.21 (RCEX-011)
Information: Library Derived Res for layer M4 : 5.6e-07 5.6e-07 (RCEX-011)
Information: Library Derived Cap for layer M5 : 0.25 0.21 (RCEX-011)
Information: Library Derived Res for layer M5 : 5.6e-07 5.6e-07 (RCEX-011)
Information: Library Derived Cap for layer M6 : 0.25 0.21 (RCEX-011)
Information: Library Derived Res for layer M6 : 5.6e-07 5.6e-07 (RCEX-011)
Information: Library Derived Cap for layer M7 : 0.25 0.21 (RCEX-011)
Information: Library Derived Res for layer M7 : 5.6e-07 5.6e-07 (RCEX-011)
Information: Library Derived Cap for layer M8 : 0.25 0.21 (RCEX-011)
Information: Library Derived Res for layer M8 : 5.6e-07 5.6e-07 (RCEX-011)
Information: Library Derived Cap for layer M9 : 0.3 0.23 (RCEX-011)
Information: Library Derived Res for layer M9 : 6.2e-08 6.2e-08 (RCEX-011)
Information: Library Derived Horizontal Cap : 0.25 0.21 (RCEX-011)
Information: Library Derived Horizontal Res : 4.8e-07 4.8e-07 (RCEX-011)
Information: Library Derived Vertical Cap : 0.25 0.21 (RCEX-011)
Information: Library Derived Vertical Res : 5.6e-07 5.6e-07 (RCEX-011)
Information: Using derived R and C coefficients. (RCEX-008)
Information: Using region-based R and C coefficients. (RCEX-013)
Information: Library Derived Via Res : 8e-07 8e-07 (RCEX-011)
Information: End rc update.
Information: The mixed mode parasitic extraction has been performed. (RCEX-202)
Report clock tree summary results after clock routing and extraction
Information: Updating graph... (UID-83)
Information: Input delay ('rise') on clock port 'clk' will be added to the clock's propagated skew. (TIM-112)
Information: Input delay ('fall') on clock port 'clk' will be added to the clock's propagated skew. (TIM-112)
 
****************************************
Report : clock tree
Design : riscv_core_synth
Version: Q-2019.12-SP5
Date   : Wed May  6 17:31:14 2026
****************************************

Information: Float pin scale factor for the 'max' operating condition of scenario 'default' is set to 1.000 (CTS-375)

======================= Clock Tree Summary ========================
Clock                Sinks     CTBuffers ClkCells  Skew      LongestPath TotalDRC   BufferArea
-----------------------------------------------------------------------------------------------
clk                  1023      7         7         0.0453    0.2666      0            103.2192
clock_opt completed Successfully
1
clock_opt -only_psyn -continue_on_missing_scandef
Warning: Starting from the 2011.09-SP4 release, clock_opt will NOT perform congestion-driven placement by default. (PSYN-1111)

The options for clock_opt:
--------------------------
COPT:  Clock Tree Synthesis                 : No
COPT:  Post CTS Optimization                : Yes
COPT:  Concurrent Clock/Data Optimization   : No
COPT:  Route Clock Nets                     : Yes
COPT:  Update Clock Latency                 : No
COPT:  Optimize Hold for All Clocks         : No
COPT:  Optimize Hold Timing Only            : No
COPT:  Optimize DFT                         : No
COPT:  Area Recovery                        : No
COPT:  Size Only                            : No
COPT:  In Place Size Only                   : No
COPT:  Congestion removal                   : No
COPT:  Optimize Power                       : No
---------------------------------------------------

Executing ICC clock_opt...
medium
*
Performing optimization...

  Loading design 'riscv_core_synth'




Information: Library Manufacturing Grid(GridResolution) : 5
Information: Time Unit from Milkyway design library: 'ns' 
Information: Design Library and main library timing units are matched - 1.000 ns. 
Information: Resistance Unit from Milkyway design library: 'kohm' 
Warning: Mismatch in the main library and the Milkyway library resistance units. In the main library it is 1000.000 kohm and in the Milkyway design library it is 1.000 kohm. Check and correct the resistance units in the .tf and .db files. (PSYN-476)
Information: Capacitance Unit from Milkyway design library: 'pf' 
Warning: Mismatch in the main and the Milkyway library capacitance units. In the main library it is 0.001 pf and in the Milkyway design library it is 1.000 pf. Check and correct the capacitance units in the .tf and .db files. (PSYN-477)
Information: Input delay ('rise') on clock port 'clk' will be added to the clock's propagated skew. (TIM-112)
Information: Input delay ('fall') on clock port 'clk' will be added to the clock's propagated skew. (TIM-112)
****************************************************************
Information: TLUPlus based RC computation is enabled. (RCEX-141)
****************************************************************
Information: The distance unit in Capacitance and Resistance is 1 micron. (RCEX-007)
Information: The RC model used is TLU+. (RCEX-015)
Information: Library Derived Cap for layer M1 : 0.22 0.19 (RCEX-011)
Information: Library Derived Res for layer M1 : 6.4e-07 6.4e-07 (RCEX-011)
Information: Library Derived Cap for layer M2 : 0.25 0.21 (RCEX-011)
Information: Library Derived Res for layer M2 : 5.6e-07 5.6e-07 (RCEX-011)
Information: Library Derived Cap for layer M3 : 0.25 0.21 (RCEX-011)
Information: Library Derived Res for layer M3 : 5.6e-07 5.6e-07 (RCEX-011)
Information: Library Derived Cap for layer M4 : 0.25 0.21 (RCEX-011)
Information: Library Derived Res for layer M4 : 5.6e-07 5.6e-07 (RCEX-011)
Information: Library Derived Cap for layer M5 : 0.25 0.21 (RCEX-011)
Information: Library Derived Res for layer M5 : 5.6e-07 5.6e-07 (RCEX-011)
Information: Library Derived Cap for layer M6 : 0.25 0.21 (RCEX-011)
Information: Library Derived Res for layer M6 : 5.6e-07 5.6e-07 (RCEX-011)
Information: Library Derived Cap for layer M7 : 0.25 0.21 (RCEX-011)
Information: Library Derived Res for layer M7 : 5.6e-07 5.6e-07 (RCEX-011)
Information: Library Derived Cap for layer M8 : 0.25 0.21 (RCEX-011)
Information: Library Derived Res for layer M8 : 5.6e-07 5.6e-07 (RCEX-011)
Information: Library Derived Cap for layer M9 : 0.3 0.23 (RCEX-011)
Information: Library Derived Res for layer M9 : 6.2e-08 6.2e-08 (RCEX-011)
Information: Library Derived Horizontal Cap : 0.25 0.21 (RCEX-011)
Information: Library Derived Horizontal Res : 4.8e-07 4.8e-07 (RCEX-011)
Information: Library Derived Vertical Cap : 0.25 0.21 (RCEX-011)
Information: Library Derived Vertical Res : 5.6e-07 5.6e-07 (RCEX-011)
Information: Using derived R and C coefficients. (RCEX-008)
Information: Using region-based R and C coefficients. (RCEX-013)
Information: Library Derived Via Res : 8e-07 8e-07 (RCEX-011)

  Design  WNS: 0.0000  TNS: 0.0000  Number of Violating Paths: 0

  Nets with DRC Violations: 0
  Total moveable cell area: 71076.6
  Total fixed cell area: 103.2
  Total physical cell area: 71179.8
  Core area: (10000 10000 328400 326800)


                  Incremental high fanout optimization starts
================================================================

 Collecting Buffer Trees ... Found 0

                  Incremental high fanout optimization completes
================================================================


  Design  WNS: 0.0000  TNS: 0.0000  Number of Violating Paths: 0

  Nets with DRC Violations: 0
  Total moveable cell area: 71076.6
  Total fixed cell area: 103.2
  Total physical cell area: 71179.8
  Core area: (10000 10000 328400 326800)


  No hold constraints


  Timing and DRC Optimization (Stage 1)
  --------------------------------------



  Beginning Timing Optimizations
  ------------------------------

                                  TOTAL                                      
   ELAPSED            WORST NEG   SETUP    DESIGN                            
    TIME      AREA      SLACK     COST    RULE COST         ENDPOINT         
  --------- --------- --------- --------- --------- -------------------------
    0:00:54   71179.8      0.00       0.0       0.0                          
Warning: Warning: Target library does not have any constant lib_cells so tool cannot replace virtual constants.  (OPT-223)
Warning: Warning: Target library does not have any constant lib_cells so tool cannot replace virtual constants.  (OPT-223)
    0:00:55   69932.9      0.00       0.0       0.0                          


Note: Symbol # after min delay cost means estimated hold TNS across all active scenarios 


  Optimization Complete
  ---------------------

  Placement Optimization (Stage 1)
  -----------------------------------------------------

Information: Running stand-alone coarse placer in a separate process using temp directory '/tmp'. (PSYN-605)
20%...40%...60%...80%...100% done.

Information: Analyzing channel congestion ... 
Information: Channel congestion analysis detected 0 channels, edges and corners

[begin initializing data for legality checker]

Initializing Data Structure ...
INFO: legalizer_via_spacing_check_mode 0
  Reading technology information ...
    Technology table contains 9 routable metal layers
    This is considered as a 9-metal-layer design
    Reading library information from DB ...
  Reading misc information ...
    array <unit> has 0 vertical and 110 horizontal rows
  Checking information read in ...
    design style = Horizontal masters, Horizontal rows

  Preprocessing design ...
    splitting rows by natural obstacles ...
... design style 0
... number of base array 1 0
INFO:... use original rows...
[end initializing data for legality checker]
 
****************************************
  Report : Chip Summary
  Design : riscv_core_synth
  Version: Q-2019.12-SP5
  Date   : Wed May  6 17:31:18 2026
****************************************
Std cell utilization: 69.33%  (75882/(109450-0))
(Non-fixed + Fixed)
Std cell utilization: 69.30%  (75770/(109450-112))
(Non-fixed only)
Chip area:            109450   sites, bbox (10.00 10.00 328.40 326.80) um
Std cell area:        75882    sites, (non-fixed:75770  fixed:112)
                      4828     cells, (non-fixed:4821   fixed:7)
Macro cell area:      0        sites
                      0        cells
Placement blockages:  0        sites, (excluding fixed std cells)
                      112      sites, (include fixed std cells & chimney area)
                      0        sites, (complete p/g net blockages)
Routing blockages:    0        sites, (partial p/g net blockages)
                      0        sites, (routing blockages and signal pre-route)
Lib cell count:       34 
Avg. std cell width:  3.62 um 
Site array:           unit     (width: 0.32 um, height: 2.88 um, rows: 110)
Physical DB scale:    1000 db_unit = 1 um 

 
****************************************
  Report : pnet options
  Design : riscv_core_synth
  Version: Q-2019.12-SP5
  Date   : Wed May  6 17:31:18 2026
****************************************


--------------------------------------------------------------------
Layer      Blockage   Min_width   Min_height   Via_additive     Density
--------------------------------------------------------------------
M1         none          ---         ---       via additive      ---
M2         none          ---         ---       via additive      ---
M3         none          ---         ---       via additive      ---
M4         none          ---         ---       via additive      ---
M5         none          ---         ---       via additive      ---
M6         none          ---         ---       via additive      ---
M7         none          ---         ---       via additive      ---
M8         none          ---         ---       via additive      ---
M9         none          ---         ---       via additive      ---
Legalizing 4541 illegal cells...
Starting legalizer.
Initial legalization:  100% (0 sec)
Optimizations pass 1: 10% 20% 30% 40% 50% 60% 70% 80% 90% 100% (0.1 sec)
Optimizations pass 2: 10% 20% 30% 40% 50% 60% 70% 80% 90% 100% (0.1 sec)
Optimizations pass 3: 10% 20% 30% 40% 50% 60% 70% 80% 90% 100% (0.1 sec)
Legalization complete (0 total sec)
 
****************************************
  Report : Legalize Displacement
  Design : riscv_core_synth
  Version: Q-2019.12-SP5
  Date   : Wed May  6 17:31:18 2026
****************************************

avg cell displacement:    0.713 um ( 0.25 row height)
max cell displacement:    2.541 um ( 0.88 row height)
std deviation:            0.429 um ( 0.15 row height)
number of cell moved:      3901 cells (out of 4821 cells)

Total 0 cells has large displacement (e.g. > 8.640 um or 3 row height)


  Placement Optimization Complete
  -------------------------------


  Design  WNS: 0.0000  TNS: 0.0000  Number of Violating Paths: 0

  Nets with DRC Violations: 0
  Total moveable cell area: 69829.6
  Total fixed cell area: 103.2
  Total physical cell area: 69932.9
  Core area: (10000 10000 328400 326800)


  No hold constraints


  Timing and DRC Optimization (Stage 2)
  --------------------------------------



  Beginning Timing Optimizations
  ------------------------------

                                  TOTAL                                      
   ELAPSED            WORST NEG   SETUP    DESIGN                            
    TIME      AREA      SLACK     COST    RULE COST         ENDPOINT         
  --------- --------- --------- --------- --------- -------------------------
    0:00:58   69932.9      0.00       0.0       0.0                          
    0:00:58   69932.9      0.00       0.0       0.0                          
    0:00:58   69932.9      0.00       0.0       0.0                          
    0:00:58   69932.9      0.00       0.0       0.0                          
    0:00:58   69932.9      0.00       0.0       0.0                          
    0:00:58   69932.9      0.00       0.0       0.0                          
    0:00:58   69932.9      0.00       0.0       0.0                          
Warning: Warning: Target library does not have any constant lib_cells so tool cannot replace virtual constants.  (OPT-223)
Warning: Warning: Target library does not have any constant lib_cells so tool cannot replace virtual constants.  (OPT-223)


Note: Symbol # after min delay cost means estimated hold TNS across all active scenarios 


  Optimization Complete
  ---------------------

  Placement Optimization (Stage 2)
  -----------------------------------------------------

[begin initializing data for legality checker]

Initializing Data Structure ...
INFO: legalizer_via_spacing_check_mode 0
  Reading technology information ...
    Technology table contains 9 routable metal layers
    This is considered as a 9-metal-layer design
    Reading library information from DB ...
  Reading misc information ...
    array <unit> has 0 vertical and 110 horizontal rows
  Checking information read in ...
    design style = Horizontal masters, Horizontal rows

  Preprocessing design ...
    splitting rows by natural obstacles ...
... design style 0
... number of base array 1 0
INFO:... use original rows...
[end initializing data for legality checker]
 
****************************************
  Report : Chip Summary
  Design : riscv_core_synth
  Version: Q-2019.12-SP5
  Date   : Wed May  6 17:31:19 2026
****************************************
Std cell utilization: 69.33%  (75882/(109450-0))
(Non-fixed + Fixed)
Std cell utilization: 69.30%  (75770/(109450-112))
(Non-fixed only)
Chip area:            109450   sites, bbox (10.00 10.00 328.40 326.80) um
Std cell area:        75882    sites, (non-fixed:75770  fixed:112)
                      4828     cells, (non-fixed:4821   fixed:7)
Macro cell area:      0        sites
                      0        cells
Placement blockages:  0        sites, (excluding fixed std cells)
                      112      sites, (include fixed std cells & chimney area)
                      0        sites, (complete p/g net blockages)
Routing blockages:    0        sites, (partial p/g net blockages)
                      0        sites, (routing blockages and signal pre-route)
Lib cell count:       34 
Avg. std cell width:  3.62 um 
Site array:           unit     (width: 0.32 um, height: 2.88 um, rows: 110)
Physical DB scale:    1000 db_unit = 1 um 

 
****************************************
  Report : pnet options
  Design : riscv_core_synth
  Version: Q-2019.12-SP5
  Date   : Wed May  6 17:31:19 2026
****************************************


--------------------------------------------------------------------
Layer      Blockage   Min_width   Min_height   Via_additive     Density
--------------------------------------------------------------------
M1         none          ---         ---       via additive      ---
M2         none          ---         ---       via additive      ---
M3         none          ---         ---       via additive      ---
M4         none          ---         ---       via additive      ---
M5         none          ---         ---       via additive      ---
M6         none          ---         ---       via additive      ---
M7         none          ---         ---       via additive      ---
M8         none          ---         ---       via additive      ---
M9         none          ---         ---       via additive      ---
 
****************************************
  Report : Legalize Displacement
  Design : riscv_core_synth
  Version: Q-2019.12-SP5
  Date   : Wed May  6 17:31:19 2026
****************************************

No cell displacement.


  Placement Optimization Complete
  -------------------------------


  Design  WNS: 0.0000  TNS: 0.0000  Number of Violating Paths: 0

  Nets with DRC Violations: 0
  Total moveable cell area: 69829.6
  Total fixed cell area: 103.2
  Total physical cell area: 69932.9
  Core area: (10000 10000 328400 326800)


  No hold constraints

[begin initializing data for legality checker]

Initializing Data Structure ...
INFO: legalizer_via_spacing_check_mode 0
  Reading technology information ...
    Technology table contains 9 routable metal layers
    This is considered as a 9-metal-layer design
    Reading library information from DB ...
  Reading misc information ...
    array <unit> has 0 vertical and 110 horizontal rows
  Checking information read in ...
    design style = Horizontal masters, Horizontal rows

  Preprocessing design ...
    splitting rows by natural obstacles ...
... design style 0
... number of base array 1 0
INFO:... use original rows...
[end initializing data for legality checker]
Warning: Die area is not integer multiples of min site height (2880), object's width and height(338400,336800). (PSYN-523)
Warning: Die area is not integer multiples of min site width (320), object's width and height(338400,336800). (PSYN-523)

**************************************************** 
Check_legality: Report for Fixed Placement Cells
Information: Use the -verbose option to get details about the legality violations. (PSYN-054)
**************************************************** 
(fixed placement) Cells Not on Row            : 0
(fixed placement) Cell Overlaps               : 0
(fixed placement) Cells overlapping blockages : 0
(fixed placement) Orientation Violations      : 0
(fixed placement) Site Violations             : 0
(fixed placement) Power Strap Violations      : 0
****************************************************** 

****************************************************** 
Check_legality: Report for Non-fixed Placement Cells
Information: Use the -verbose option to get details about the legality violations. (PSYN-054)
****************************************************** 
Number of Cells Not on Row            : 0
Number of Cell Overlaps               : 0
Number of Cells overlapping blockages : 0
Number of Orientation Violations      : 0
Number of Site Violations             : 0
Number of Power Strap Violations      : 0
******************************************** 
Information: Updating database...
Routing clock nets...
Warning: Ignore contact DIFFCON. (ZRT-015)
Turn off antenna since no rule is specified
Cell Min-Routing-Layer = M1
Cell Max-Routing-Layer = M9
Information: Multiple default contact VIA12C found for layer VIA1. (ZRT-021)
Warning: Contact VIA89's lower layer enclosure width does not satisfy end of line enclosure design rule. (ZRT-042)
Warning: Contact VIA89's upper layer enclosure width does not satisfy end of line enclosure design rule. (ZRT-042)
Warning: Contact VIA89's lower layer enclosure height does not satisfy end of line enclosure design rule. (ZRT-042)
Warning: Contact VIA89's upper layer enclosure height does not satisfy end of line enclosure design rule. (ZRT-042)
Warning: Contact VIA89C's lower layer enclosure height does not satisfy end of line enclosure design rule. (ZRT-042)
Warning: Contact VIA89C's upper layer enclosure width does not satisfy end of line enclosure design rule. (ZRT-042)
Warning: Contact VIA89C's lower layer enclosure width does not satisfy end of line enclosure design rule. (ZRT-042)
Warning: Contact VIA89C's upper layer enclosure height does not satisfy end of line enclosure design rule. (ZRT-042)
Via on layer (VIA1) needs more than one tracks
Warning: Layer M2 pitch 0.320 may be too small: wire/via-down 0.360, wire/via-up 0.320. (ZRT-026)
Via on layer (VIA3) needs more than one tracks
Warning: Layer M3 pitch 0.320 may be too small: wire/via-down 0.320, wire/via-up 0.360. (ZRT-026)
Via on layer (VIA3) needs more than one tracks
Warning: Layer M4 pitch 0.320 may be too small: wire/via-down 0.360, wire/via-up 0.320. (ZRT-026)
Via on layer (VIA5) needs more than one tracks
Warning: Layer M5 pitch 0.320 may be too small: wire/via-down 0.320, wire/via-up 0.360. (ZRT-026)
Via on layer (VIA5) needs more than one tracks
Warning: Layer M6 pitch 0.320 may be too small: wire/via-down 0.360, wire/via-up 0.320. (ZRT-026)
Via on layer (VIA7) needs more than one tracks
Warning: Layer M7 pitch 0.320 may be too small: wire/via-down 0.320, wire/via-up 0.360. (ZRT-026)
Wire on layer (M8) needs more than one tracks
Via on layer (VIA7) needs more than one tracks
Via on layer (VIA8) needs more than one tracks
Warning: Layer M8 pitch 0.320 may be too small: wire/via-down 0.360, wire/via-up 0.465. (ZRT-026)
Transition layer name: M8(7)
Start Global Route ... 
[Init] Elapsed real time: 0:00:00 
[Init] Elapsed cpu  time: sys=0:00:00 usr=0:00:00 total=0:00:00
[Init] Stage (MB): Used    0  Alloctr    0  Proc    0 
[Init] Total (MB): Used   98  Alloctr   98  Proc 2132 
Printing options for 'set_route_zrt_common_options'

Printing options for 'set_route_zrt_global_options'

Begin global routing.
Constructing data structure ...
Design statistics:
Design Bounding Box (0.00,0.00,338.40,336.80)
Number of routing layers = 9
layer M1, dir Hor, min width = 0.14, min space = 0.14 pitch = 0.32
layer M2, dir Ver, min width = 0.16, min space = 0.16 pitch = 0.32
layer M3, dir Hor, min width = 0.16, min space = 0.16 pitch = 0.32
layer M4, dir Ver, min width = 0.16, min space = 0.16 pitch = 0.32
layer M5, dir Hor, min width = 0.16, min space = 0.16 pitch = 0.32
layer M6, dir Ver, min width = 0.16, min space = 0.16 pitch = 0.32
layer M7, dir Hor, min width = 0.16, min space = 0.16 pitch = 0.32
layer M8, dir Ver, min width = 0.16, min space = 0.16 pitch = 0.32
layer M9, dir Hor, min width = 0.45, min space = 0.45 pitch = 0.90
Current Stage stats:
[End of Build Tech Data] Elapsed real time: 0:00:00 
[End of Build Tech Data] Elapsed cpu  time: sys=0:00:00 usr=0:00:00 total=0:00:00
[End of Build Tech Data] Stage (MB): Used    1  Alloctr    1  Proc    0 
[End of Build Tech Data] Total (MB): Used  100  Alloctr  100  Proc 2132 
Warning: Power net VSS has no power preroutes, skip tie-off. (ZRT-101)
Net statistics:
Total number of nets     = 4944
Number of nets to route  = 8
Number of nets with min-layer-mode soft = 8
Number of nets with min-layer-mode soft-cost-medium = 8
Number of nets with max-layer-mode hard = 6
6 nets are partially connected,
 of which 6 are detail routed and 0 are global routed.
3 nets are fully connected,
 of which 3 are detail routed and 0 are global routed.
Current Stage stats:
[End of Build All Nets] Elapsed real time: 0:00:00 
[End of Build All Nets] Elapsed cpu  time: sys=0:00:00 usr=0:00:00 total=0:00:00
[End of Build All Nets] Stage (MB): Used    2  Alloctr    2  Proc    0 
[End of Build All Nets] Total (MB): Used  102  Alloctr  102  Proc 2132 
Average gCell capacity  2.46	 on layer (1)	 M1
Average gCell capacity  9.10	 on layer (2)	 M2
Average gCell capacity  9.05	 on layer (3)	 M3
Average gCell capacity  9.10	 on layer (4)	 M4
Average gCell capacity  9.06	 on layer (5)	 M5
Average gCell capacity  9.10	 on layer (6)	 M6
Average gCell capacity  9.06	 on layer (7)	 M7
Average gCell capacity  9.10	 on layer (8)	 M8
Average gCell capacity  3.21	 on layer (9)	 M9
Average number of tracks per gCell 9.09	 on layer (1)	 M1
Average number of tracks per gCell 9.12	 on layer (2)	 M2
Average number of tracks per gCell 9.08	 on layer (3)	 M3
Average number of tracks per gCell 9.12	 on layer (4)	 M4
Average number of tracks per gCell 9.08	 on layer (5)	 M5
Average number of tracks per gCell 9.12	 on layer (6)	 M6
Average number of tracks per gCell 9.08	 on layer (7)	 M7
Average number of tracks per gCell 9.12	 on layer (8)	 M8
Average number of tracks per gCell 3.22	 on layer (9)	 M9
Number of gCells = 121104
Current Stage stats:
[End of Build Congestion map] Elapsed real time: 0:00:00 
[End of Build Congestion map] Elapsed cpu  time: sys=0:00:00 usr=0:00:00 total=0:00:00
[End of Build Congestion map] Stage (MB): Used    0  Alloctr    0  Proc    0 
[End of Build Congestion map] Total (MB): Used  102  Alloctr  103  Proc 2132 
Total stats:
[End of Build Data] Elapsed real time: 0:00:00 
[End of Build Data] Elapsed cpu  time: sys=0:00:00 usr=0:00:00 total=0:00:00
[End of Build Data] Stage (MB): Used    4  Alloctr    4  Proc    0 
[End of Build Data] Total (MB): Used  102  Alloctr  103  Proc 2132 
Current Stage stats:
[End of Blocked Pin Detection] Elapsed real time: 0:00:00 
[End of Blocked Pin Detection] Elapsed cpu  time: sys=0:00:00 usr=0:00:00 total=0:00:00
[End of Blocked Pin Detection] Stage (MB): Used    0  Alloctr    0  Proc    0 
[End of Blocked Pin Detection] Total (MB): Used  102  Alloctr  103  Proc 2132 
Information: Using 1 threads for routing. (ZRT-444)
multi gcell levels ON

Start GR phase 0
Current Stage stats:
[End of Initial Routing] Elapsed real time: 0:00:00 
[End of Initial Routing] Elapsed cpu  time: sys=0:00:00 usr=0:00:00 total=0:00:00
[End of Initial Routing] Stage (MB): Used    0  Alloctr    0  Proc    0 
[End of Initial Routing] Total (MB): Used  102  Alloctr  103  Proc 2132 
Initial. Routing result:
Initial. Both Dirs: Overflow =     0 Max = 0 GRCs =     0 (0.00%)
Initial. H routing: Overflow =     0 Max = 0 (GRCs =  0) GRCs =     0 (0.00%)
Initial. V routing: Overflow =     0 Max = 0 (GRCs =  0) GRCs =     0 (0.00%)
Initial. M1         Overflow =     0 Max = 0 (GRCs =  0) GRCs =     0 (0.00%)
Initial. M2         Overflow =     0 Max = 0 (GRCs =  0) GRCs =     0 (0.00%)
Initial. M3         Overflow =     0 Max = 0 (GRCs =  0) GRCs =     0 (0.00%)
Initial. M4         Overflow =     0 Max = 0 (GRCs =  0) GRCs =     0 (0.00%)
Initial. M5         Overflow =     0 Max = 0 (GRCs =  0) GRCs =     0 (0.00%)
Initial. M6         Overflow =     0 Max = 0 (GRCs =  0) GRCs =     0 (0.00%)
Initial. M7         Overflow =     0 Max = 0 (GRCs =  0) GRCs =     0 (0.00%)
Initial. M8         Overflow =     0 Max = 0 (GRCs =  0) GRCs =     0 (0.00%)
Initial. M9         Overflow =     0 Max = 0 (GRCs =  0) GRCs =     0 (0.00%)

Initial. Total Wire Length = 454.90
Initial. Layer M1 wire length = 0.00
Initial. Layer M2 wire length = 5.07
Initial. Layer M3 wire length = 239.31
Initial. Layer M4 wire length = 210.52
Initial. Layer M5 wire length = 0.00
Initial. Layer M6 wire length = 0.00
Initial. Layer M7 wire length = 0.00
Initial. Layer M8 wire length = 0.00
Initial. Layer M9 wire length = 0.00
Initial. Total Number of Contacts = 283
Initial. Via VIA12C count = 107
Initial. Via VIA23C count = 105
Initial. Via VIA34C count = 71
Initial. Via VIA45C count = 0
Initial. Via VIA56C count = 0
Initial. Via VIA67C count = 0
Initial. Via VIA78C count = 0
Initial. Via VIA89C count = 0
Initial. completed.

Start GR phase 1
Current Stage stats:
[End of Phase1 Routing] Elapsed real time: 0:00:00 
[End of Phase1 Routing] Elapsed cpu  time: sys=0:00:00 usr=0:00:00 total=0:00:00
[End of Phase1 Routing] Stage (MB): Used    0  Alloctr    0  Proc    0 
[End of Phase1 Routing] Total (MB): Used  102  Alloctr  103  Proc 2132 
phase1. Routing result:
phase1. Both Dirs: Overflow =     0 Max = 0 GRCs =     0 (0.00%)
phase1. H routing: Overflow =     0 Max = 0 (GRCs =  0) GRCs =     0 (0.00%)
phase1. V routing: Overflow =     0 Max = 0 (GRCs =  0) GRCs =     0 (0.00%)
phase1. M1         Overflow =     0 Max = 0 (GRCs =  0) GRCs =     0 (0.00%)
phase1. M2         Overflow =     0 Max = 0 (GRCs =  0) GRCs =     0 (0.00%)
phase1. M3         Overflow =     0 Max = 0 (GRCs =  0) GRCs =     0 (0.00%)
phase1. M4         Overflow =     0 Max = 0 (GRCs =  0) GRCs =     0 (0.00%)
phase1. M5         Overflow =     0 Max = 0 (GRCs =  0) GRCs =     0 (0.00%)
phase1. M6         Overflow =     0 Max = 0 (GRCs =  0) GRCs =     0 (0.00%)
phase1. M7         Overflow =     0 Max = 0 (GRCs =  0) GRCs =     0 (0.00%)
phase1. M8         Overflow =     0 Max = 0 (GRCs =  0) GRCs =     0 (0.00%)
phase1. M9         Overflow =     0 Max = 0 (GRCs =  0) GRCs =     0 (0.00%)

phase1. Total Wire Length = 454.90
phase1. Layer M1 wire length = 0.00
phase1. Layer M2 wire length = 5.07
phase1. Layer M3 wire length = 239.31
phase1. Layer M4 wire length = 210.52
phase1. Layer M5 wire length = 0.00
phase1. Layer M6 wire length = 0.00
phase1. Layer M7 wire length = 0.00
phase1. Layer M8 wire length = 0.00
phase1. Layer M9 wire length = 0.00
phase1. Total Number of Contacts = 283
phase1. Via VIA12C count = 107
phase1. Via VIA23C count = 105
phase1. Via VIA34C count = 71
phase1. Via VIA45C count = 0
phase1. Via VIA56C count = 0
phase1. Via VIA67C count = 0
phase1. Via VIA78C count = 0
phase1. Via VIA89C count = 0
phase1. completed.

Start GR phase 2
Current Stage stats:
[End of Phase2 Routing] Elapsed real time: 0:00:00 
[End of Phase2 Routing] Elapsed cpu  time: sys=0:00:00 usr=0:00:00 total=0:00:00
[End of Phase2 Routing] Stage (MB): Used    0  Alloctr    0  Proc    0 
[End of Phase2 Routing] Total (MB): Used  102  Alloctr  103  Proc 2132 
phase2. Routing result:
phase2. Both Dirs: Overflow =     0 Max = 0 GRCs =     0 (0.00%)
phase2. H routing: Overflow =     0 Max = 0 (GRCs =  0) GRCs =     0 (0.00%)
phase2. V routing: Overflow =     0 Max = 0 (GRCs =  0) GRCs =     0 (0.00%)
phase2. M1         Overflow =     0 Max = 0 (GRCs =  0) GRCs =     0 (0.00%)
phase2. M2         Overflow =     0 Max = 0 (GRCs =  0) GRCs =     0 (0.00%)
phase2. M3         Overflow =     0 Max = 0 (GRCs =  0) GRCs =     0 (0.00%)
phase2. M4         Overflow =     0 Max = 0 (GRCs =  0) GRCs =     0 (0.00%)
phase2. M5         Overflow =     0 Max = 0 (GRCs =  0) GRCs =     0 (0.00%)
phase2. M6         Overflow =     0 Max = 0 (GRCs =  0) GRCs =     0 (0.00%)
phase2. M7         Overflow =     0 Max = 0 (GRCs =  0) GRCs =     0 (0.00%)
phase2. M8         Overflow =     0 Max = 0 (GRCs =  0) GRCs =     0 (0.00%)
phase2. M9         Overflow =     0 Max = 0 (GRCs =  0) GRCs =     0 (0.00%)

phase2. Total Wire Length = 454.90
phase2. Layer M1 wire length = 0.00
phase2. Layer M2 wire length = 5.07
phase2. Layer M3 wire length = 239.31
phase2. Layer M4 wire length = 210.52
phase2. Layer M5 wire length = 0.00
phase2. Layer M6 wire length = 0.00
phase2. Layer M7 wire length = 0.00
phase2. Layer M8 wire length = 0.00
phase2. Layer M9 wire length = 0.00
phase2. Total Number of Contacts = 283
phase2. Via VIA12C count = 107
phase2. Via VIA23C count = 105
phase2. Via VIA34C count = 71
phase2. Via VIA45C count = 0
phase2. Via VIA56C count = 0
phase2. Via VIA67C count = 0
phase2. Via VIA78C count = 0
phase2. Via VIA89C count = 0
phase2. completed.
[End of Whole Chip Routing] Elapsed real time: 0:00:00 
[End of Whole Chip Routing] Elapsed cpu  time: sys=0:00:00 usr=0:00:00 total=0:00:00
[End of Whole Chip Routing] Stage (MB): Used    4  Alloctr    4  Proc    0 
[End of Whole Chip Routing] Total (MB): Used  102  Alloctr  103  Proc 2132 

Congestion utilization per direction:
Average vertical track utilization   =  0.50 %
Peak    vertical track utilization   =  8.33 %
Average horizontal track utilization =  0.56 %
Peak    horizontal track utilization = 16.67 %

Current Stage stats:
[GR: Done] Elapsed real time: 0:00:00 
[GR: Done] Elapsed cpu  time: sys=0:00:00 usr=0:00:00 total=0:00:00
[GR: Done] Stage (MB): Used   -1  Alloctr   -1  Proc    0 
[GR: Done] Total (MB): Used  102  Alloctr  102  Proc 2132 
GR Total stats:
[GR: Done] Elapsed real time: 0:00:00 
[GR: Done] Elapsed cpu  time: sys=0:00:00 usr=0:00:00 total=0:00:00
[GR: Done] Stage (MB): Used    3  Alloctr    3  Proc    0 
[GR: Done] Total (MB): Used  102  Alloctr  102  Proc 2132 
Updating congestion ...
Final total stats:
[End of Global Routing] Elapsed real time: 0:00:00 
[End of Global Routing] Elapsed cpu  time: sys=0:00:00 usr=0:00:00 total=0:00:00
[End of Global Routing] Stage (MB): Used    0  Alloctr    0  Proc    0 
[End of Global Routing] Total (MB): Used   98  Alloctr   99  Proc 2132 

Start track assignment

Printing options for 'set_route_zrt_common_options'

Printing options for 'set_route_zrt_track_options'

Information: Using 1 threads for routing. (ZRT-444)

[Track Assign: Read routes] Elapsed real time: 0:00:00 
[Track Assign: Read routes] Elapsed cpu  time: sys=0:00:00 usr=0:00:00 total=0:00:00
[Track Assign: Read routes] Stage (MB): Used    1  Alloctr    1  Proc    0 
[Track Assign: Read routes] Total (MB): Used   95  Alloctr   96  Proc 2132 

Start initial assignment

Assign Horizontal partitions, iteration 0
Routed partition 1/11      
Routed partition 2/11      
Routed partition 3/11      
Routed partition 4/11      
Routed partition 5/11      
Routed partition 6/11      
Routed partition 7/11      
Routed partition 8/11      
Routed partition 9/11      
Routed partition 10/11     
Routed partition 11/11     

Assign Vertical partitions, iteration 0
Routed partition 1/11      
Routed partition 2/11      
Routed partition 3/11      
Routed partition 4/11      
Routed partition 5/11      
Routed partition 6/11      
Routed partition 7/11      
Routed partition 8/11      
Routed partition 9/11      
Routed partition 10/11     
Routed partition 11/11     

Number of wires with overlap after iteration 0 = 33 of 339


[Track Assign: Iteration 0] Elapsed real time: 0:00:00 
[Track Assign: Iteration 0] Elapsed cpu  time: sys=0:00:00 usr=0:00:00 total=0:00:00
[Track Assign: Iteration 0] Stage (MB): Used    1  Alloctr    1  Proc    0 
[Track Assign: Iteration 0] Total (MB): Used   95  Alloctr   96  Proc 2132 

Reroute to fix overlaps

Assign Horizontal partitions, iteration 1
Routed partition 1/11      
Routed partition 2/11      
Routed partition 3/11      
Routed partition 4/11      
Routed partition 5/11      
Routed partition 6/11      
Routed partition 7/11      
Routed partition 8/11      
Routed partition 9/11      
Routed partition 10/11     
Routed partition 11/11     

Assign Vertical partitions, iteration 1
Routed partition 1/11      
Routed partition 2/11      
Routed partition 3/11      
Routed partition 4/11      
Routed partition 5/11      
Routed partition 6/11      
Routed partition 7/11      
Routed partition 8/11      
Routed partition 9/11      
Routed partition 10/11     
Routed partition 11/11     

[Track Assign: Iteration 1] Elapsed real time: 0:00:00 
[Track Assign: Iteration 1] Elapsed cpu  time: sys=0:00:00 usr=0:00:00 total=0:00:00
[Track Assign: Iteration 1] Stage (MB): Used    1  Alloctr    1  Proc    0 
[Track Assign: Iteration 1] Total (MB): Used   95  Alloctr   96  Proc 2132 

Number of wires with overlap after iteration 1 = 28 of 178


Wire length and via report:
---------------------------
Number of M1 wires: 17 		 POLYCON: 0
Number of M2 wires: 3 		 VIA12C: 129
Number of M3 wires: 109 		 VIA23C: 127
Number of M4 wires: 49 		 VIA34C: 71
Number of M5 wires: 0 		 VIA45C: 0
Number of M6 wires: 0 		 VIA56C: 0
Number of M7 wires: 0 		 VIA67C: 0
Number of M8 wires: 0 		 VIA78C: 0
Number of M9 wires: 0 		 VIA89C: 0
Total number of wires: 178 		 vias: 327

Total M1 wire length: 4.6
Total M2 wire length: 5.8
Total M3 wire length: 282.6
Total M4 wire length: 212.8
Total M5 wire length: 0.0
Total M6 wire length: 0.0
Total M7 wire length: 0.0
Total M8 wire length: 0.0
Total M9 wire length: 0.0
Total wire length: 505.8

Longest M1 wire length: 0.3
Longest M2 wire length: 2.6
Longest M3 wire length: 8.6
Longest M4 wire length: 17.3
Longest M5 wire length: 0.0
Longest M6 wire length: 0.0
Longest M7 wire length: 0.0
Longest M8 wire length: 0.0
Longest M9 wire length: 0.0


[Track Assign: Done] Elapsed real time: 0:00:00 
[Track Assign: Done] Elapsed cpu  time: sys=0:00:00 usr=0:00:00 total=0:00:00
[Track Assign: Done] Stage (MB): Used    0  Alloctr    0  Proc    0 
[Track Assign: Done] Total (MB): Used   94  Alloctr   95  Proc 2132 
Printing options for 'set_route_zrt_common_options'

Printing options for 'set_route_zrt_detail_options'

[Dr init] Elapsed real time: 0:00:00 
[Dr init] Elapsed cpu  time: sys=0:00:00 usr=0:00:00 total=0:00:00
[Dr init] Stage (MB): Used    6  Alloctr    6  Proc    0 
[Dr init] Total (MB): Used  101  Alloctr  101  Proc 2132 
Total number of nets = 4944, of which 0 are not extracted
Total number of open nets = 4934, of which 0 are frozen
Information: Using 1 threads for routing. (ZRT-444)
Start DR iteration 0: uniform partition
Routed	1/144 Partitions, Violations =	0
Routed	2/144 Partitions, Violations =	0
Routed	3/144 Partitions, Violations =	0
Routed	4/144 Partitions, Violations =	0
Routed	5/144 Partitions, Violations =	0
Routed	6/144 Partitions, Violations =	0
Routed	7/144 Partitions, Violations =	0
Routed	8/144 Partitions, Violations =	3
Routed	9/144 Partitions, Violations =	3
Routed	10/144 Partitions, Violations =	3
Routed	11/144 Partitions, Violations =	3
Routed	12/144 Partitions, Violations =	0
Routed	13/144 Partitions, Violations =	0
Routed	14/144 Partitions, Violations =	0
Routed	15/144 Partitions, Violations =	0
Routed	16/144 Partitions, Violations =	0
Routed	17/144 Partitions, Violations =	0
Routed	18/144 Partitions, Violations =	0
Routed	19/144 Partitions, Violations =	0
Routed	20/144 Partitions, Violations =	0
Routed	21/144 Partitions, Violations =	0
Routed	22/144 Partitions, Violations =	0
Routed	23/144 Partitions, Violations =	0
Routed	24/144 Partitions, Violations =	0
Routed	25/144 Partitions, Violations =	0
Routed	26/144 Partitions, Violations =	0
Routed	27/144 Partitions, Violations =	0
Routed	28/144 Partitions, Violations =	0
Routed	29/144 Partitions, Violations =	0
Routed	30/144 Partitions, Violations =	0
Routed	31/144 Partitions, Violations =	0
Routed	32/144 Partitions, Violations =	1
Routed	33/144 Partitions, Violations =	1
Routed	34/144 Partitions, Violations =	1
Routed	35/144 Partitions, Violations =	1
Routed	36/144 Partitions, Violations =	1
Routed	37/144 Partitions, Violations =	1
Routed	38/144 Partitions, Violations =	1
Routed	39/144 Partitions, Violations =	1
Routed	40/144 Partitions, Violations =	0
Routed	41/144 Partitions, Violations =	3
Routed	42/144 Partitions, Violations =	3
Routed	43/144 Partitions, Violations =	3
Routed	44/144 Partitions, Violations =	3
Routed	45/144 Partitions, Violations =	3
Routed	46/144 Partitions, Violations =	3
Routed	47/144 Partitions, Violations =	3
Routed	48/144 Partitions, Violations =	3
Routed	49/144 Partitions, Violations =	3
Routed	50/144 Partitions, Violations =	0
Routed	51/144 Partitions, Violations =	0
Routed	52/144 Partitions, Violations =	0
Routed	53/144 Partitions, Violations =	0
Routed	54/144 Partitions, Violations =	0
Routed	55/144 Partitions, Violations =	0
Routed	56/144 Partitions, Violations =	0
Routed	57/144 Partitions, Violations =	0
Routed	58/144 Partitions, Violations =	0
Routed	59/144 Partitions, Violations =	0
Routed	60/144 Partitions, Violations =	0
Routed	61/144 Partitions, Violations =	0
Routed	62/144 Partitions, Violations =	0
Routed	63/144 Partitions, Violations =	0
Routed	64/144 Partitions, Violations =	0
Routed	65/144 Partitions, Violations =	0
Routed	67/144 Partitions, Violations =	0
Routed	68/144 Partitions, Violations =	0
Routed	69/144 Partitions, Violations =	0
Routed	70/144 Partitions, Violations =	0
Routed	71/144 Partitions, Violations =	0
Routed	72/144 Partitions, Violations =	0
Routed	73/144 Partitions, Violations =	0
Routed	74/144 Partitions, Violations =	0
Routed	75/144 Partitions, Violations =	0
Routed	76/144 Partitions, Violations =	0
Routed	79/144 Partitions, Violations =	0
Routed	80/144 Partitions, Violations =	0
Routed	81/144 Partitions, Violations =	0
Routed	82/144 Partitions, Violations =	0
Routed	83/144 Partitions, Violations =	0
Routed	84/144 Partitions, Violations =	0
Routed	85/144 Partitions, Violations =	0
Routed	87/144 Partitions, Violations =	0
Routed	90/144 Partitions, Violations =	0
Routed	91/144 Partitions, Violations =	0
Routed	92/144 Partitions, Violations =	0
Routed	93/144 Partitions, Violations =	0
Routed	94/144 Partitions, Violations =	0
Routed	95/144 Partitions, Violations =	0
Routed	96/144 Partitions, Violations =	0
Routed	97/144 Partitions, Violations =	0
Routed	100/144 Partitions, Violations =	0
Routed	101/144 Partitions, Violations =	0
Routed	102/144 Partitions, Violations =	0
Routed	103/144 Partitions, Violations =	0
Routed	104/144 Partitions, Violations =	0
Routed	105/144 Partitions, Violations =	0
Routed	106/144 Partitions, Violations =	3
Routed	107/144 Partitions, Violations =	3
Routed	109/144 Partitions, Violations =	3
Routed	110/144 Partitions, Violations =	3
Routed	111/144 Partitions, Violations =	3
Routed	112/144 Partitions, Violations =	3
Routed	113/144 Partitions, Violations =	3
Routed	114/144 Partitions, Violations =	0
Routed	115/144 Partitions, Violations =	0
Routed	117/144 Partitions, Violations =	0
Routed	118/144 Partitions, Violations =	0
Routed	119/144 Partitions, Violations =	0
Routed	120/144 Partitions, Violations =	0
Routed	121/144 Partitions, Violations =	0
Routed	122/144 Partitions, Violations =	0
Routed	123/144 Partitions, Violations =	0
Routed	124/144 Partitions, Violations =	0
Routed	125/144 Partitions, Violations =	0
Routed	126/144 Partitions, Violations =	0
Routed	127/144 Partitions, Violations =	0
Routed	128/144 Partitions, Violations =	0
Routed	129/144 Partitions, Violations =	0
Routed	130/144 Partitions, Violations =	0
Routed	131/144 Partitions, Violations =	0
Routed	132/144 Partitions, Violations =	0
Routed	133/144 Partitions, Violations =	0
Routed	134/144 Partitions, Violations =	0
Routed	135/144 Partitions, Violations =	0
Routed	136/144 Partitions, Violations =	0
Routed	137/144 Partitions, Violations =	0
Routed	138/144 Partitions, Violations =	0
Routed	139/144 Partitions, Violations =	0
Routed	140/144 Partitions, Violations =	0
Routed	141/144 Partitions, Violations =	0
Routed	142/144 Partitions, Violations =	0
Routed	143/144 Partitions, Violations =	0
Routed	144/144 Partitions, Violations =	0

DRC-SUMMARY:
	@@@@@@@ TOTAL VIOLATIONS =	0

[Iter 0] Elapsed real time: 0:00:00 
[Iter 0] Elapsed cpu  time: sys=0:00:00 usr=0:00:00 total=0:00:00
[Iter 0] Stage (MB): Used   14  Alloctr   14  Proc    0 
[Iter 0] Total (MB): Used  109  Alloctr  109  Proc 2132 

End DR iteration 0 with 144 parts

Finish DR since reached 0 DRC

[DR] Elapsed real time: 0:00:00 
[DR] Elapsed cpu  time: sys=0:00:00 usr=0:00:00 total=0:00:00
[DR] Stage (MB): Used    0  Alloctr    0  Proc    0 
[DR] Total (MB): Used   94  Alloctr   95  Proc 2132 
[DR: Done] Elapsed real time: 0:00:00 
[DR: Done] Elapsed cpu  time: sys=0:00:00 usr=0:00:00 total=0:00:00
[DR: Done] Stage (MB): Used    0  Alloctr    0  Proc    0 
[DR: Done] Total (MB): Used   94  Alloctr   95  Proc 2132 

DR finished with 0 open nets, of which 0 are frozen

DR finished with 0 violations

DRC-SUMMARY:
	@@@@@@@ TOTAL VIOLATIONS =	0



Total Wire Length =                    9368 micron
Total Number of Contacts =             3362
Total Number of Wires =                2052
Total Number of PtConns =              1361
Total Number of Routed Wires =       2052
Total Routed Wire Length =           9041 micron
Total Number of Routed Contacts =       3362
	Layer          M1 :          5 micron
	Layer          M2 :        254 micron
	Layer          M3 :       4159 micron
	Layer          M4 :       4168 micron
	Layer          M5 :          2 micron
	Layer          M6 :          2 micron
	Layer          M7 :          2 micron
	Layer          M8 :        443 micron
	Layer          M9 :        333 micron
	Via        VIA89C :         11
	Via   VIA78C(rot) :          9
	Via        VIA67C :          9
	Via   VIA56C(rot) :          9
	Via        VIA45C :          9
	Via        VIA34C :        205
	Via   VIA34C(rot) :       1038
	Via        VIA23C :       1035
	Via   VIA12C(rot) :       1037

 
Redundant via conversion report:
--------------------------------

  Total optimized via conversion rate =  0.00% (0 / 3362 vias)
 
    Layer VIA1       =  0.00% (0      / 1037    vias)
        Un-optimized = 100.00% (1037    vias)
    Layer VIA2       =  0.00% (0      / 1035    vias)
        Un-optimized = 100.00% (1035    vias)
    Layer VIA3       =  0.00% (0      / 1243    vias)
        Un-optimized = 100.00% (1243    vias)
    Layer VIA4       =  0.00% (0      / 9       vias)
        Un-optimized = 100.00% (9       vias)
    Layer VIA5       =  0.00% (0      / 9       vias)
        Un-optimized = 100.00% (9       vias)
    Layer VIA6       =  0.00% (0      / 9       vias)
        Un-optimized = 100.00% (9       vias)
    Layer VIA7       =  0.00% (0      / 9       vias)
        Un-optimized = 100.00% (9       vias)
    Layer VIA8       =  0.00% (0      / 11      vias)
        Un-optimized = 100.00% (11      vias)
 
  Total double via conversion rate    =  0.00% (0 / 3362 vias)
 
    Layer VIA1       =  0.00% (0      / 1037    vias)
    Layer VIA2       =  0.00% (0      / 1035    vias)
    Layer VIA3       =  0.00% (0      / 1243    vias)
    Layer VIA4       =  0.00% (0      / 9       vias)
    Layer VIA5       =  0.00% (0      / 9       vias)
    Layer VIA6       =  0.00% (0      / 9       vias)
    Layer VIA7       =  0.00% (0      / 9       vias)
    Layer VIA8       =  0.00% (0      / 11      vias)
 
  The optimized via conversion rate based on total routed via count =  0.00% (0 / 3362 vias)
 
    Layer VIA1       =  0.00% (0      / 1037    vias)
        Un-optimized = 100.00% (1037    vias)
    Layer VIA2       =  0.00% (0      / 1035    vias)
        Un-optimized = 100.00% (1035    vias)
    Layer VIA3       =  0.00% (0      / 1243    vias)
        Un-optimized = 100.00% (1243    vias)
    Layer VIA4       =  0.00% (0      / 9       vias)
        Un-optimized = 100.00% (9       vias)
    Layer VIA5       =  0.00% (0      / 9       vias)
        Un-optimized = 100.00% (9       vias)
    Layer VIA6       =  0.00% (0      / 9       vias)
        Un-optimized = 100.00% (9       vias)
    Layer VIA7       =  0.00% (0      / 9       vias)
        Un-optimized = 100.00% (9       vias)
    Layer VIA8       =  0.00% (0      / 11      vias)
        Un-optimized = 100.00% (11      vias)
 

Total number of nets = 4944
0 open nets, of which 0 are frozen
Total number of excluded ports = 0 ports of 0 unplaced cells connected to 0 nets
                                 0 ports without pins of 0 cells connected to 0 nets
                                 0 ports of 0 cover cells connected to 0 non-pg nets
Total number of DRCs = 0
Total number of antenna violations = antenna checking not active
Total number of voltage-area violations = no voltage-areas defined
Topology ECO iteration 1 ended with 0 qualifying violations.
Updating the database ...
Information: RC extraction has been freed. (PSYN-503)
Routing of clock nets Successful.
RC Extraction...

  Loading design 'riscv_core_synth'
Information: Changed wire load model for 'DEFIN_CLUSTER' from '140000' to '70000'. (OPT-170)




Information: Library Manufacturing Grid(GridResolution) : 5
Information: Time Unit from Milkyway design library: 'ns' 
Information: Design Library and main library timing units are matched - 1.000 ns. 
Information: Resistance Unit from Milkyway design library: 'kohm' 
Warning: Mismatch in the main library and the Milkyway library resistance units. In the main library it is 1000.000 kohm and in the Milkyway design library it is 1.000 kohm. Check and correct the resistance units in the .tf and .db files. (PSYN-476)
Information: Capacitance Unit from Milkyway design library: 'pf' 
Warning: Mismatch in the main and the Milkyway library capacitance units. In the main library it is 0.001 pf and in the Milkyway design library it is 1.000 pf. Check and correct the capacitance units in the .tf and .db files. (PSYN-477)
Warning: Inconsistent library data found for layer PO. (RCEX-018)
Information: The distance unit in Capacitance and Resistance is 1 micron. (RCEX-007)
Information: The RC model used is detail route TLU+. (RCEX-015)
Information: Start mixed mode parasitic extraction. (RCEX-023)
Information: Start rc extraction...
Warning: Not enough nets are routed (8/4943 < 0.66667); will do extraction by using placement congestion map as background. (RCEX-047)
Information: Parasitic source is LPE. (RCEX-040)
Information: Parasitic mode is RealRVirtualC. (RCEX-041)
Information: Using virtual shield extraction. (RCEX-081)
Information: Extraction mode is MIN_MAX. (RCEX-042)
Information: Extraction derate is 125/125/125. (RCEX-043)
Information: Start back annotation for parasitic extraction. (RCEX-023)
Information: End back annotation for parasitic extraction. (RCEX-023)
Information: Start timing update for parasitic extraction. (RCEX-023)
Information: End timing update for parasitic extraction. (RCEX-023)
Information: End parasitic extraction. (RCEX-023)
Information: Start rc update...
****************************************************************
Information: TLUPlus based RC computation is enabled. (RCEX-141)
****************************************************************
Information: The distance unit in Capacitance and Resistance is 1 micron. (RCEX-007)
Information: The RC model used is TLU+. (RCEX-015)
Information: Library Derived Cap for layer M1 : 0.22 0.19 (RCEX-011)
Information: Library Derived Res for layer M1 : 6.4e-07 6.4e-07 (RCEX-011)
Information: Library Derived Cap for layer M2 : 0.25 0.21 (RCEX-011)
Information: Library Derived Res for layer M2 : 5.6e-07 5.6e-07 (RCEX-011)
Information: Library Derived Cap for layer M3 : 0.25 0.21 (RCEX-011)
Information: Library Derived Res for layer M3 : 5.6e-07 5.6e-07 (RCEX-011)
Information: Library Derived Cap for layer M4 : 0.25 0.21 (RCEX-011)
Information: Library Derived Res for layer M4 : 5.6e-07 5.6e-07 (RCEX-011)
Information: Library Derived Cap for layer M5 : 0.25 0.21 (RCEX-011)
Information: Library Derived Res for layer M5 : 5.6e-07 5.6e-07 (RCEX-011)
Information: Library Derived Cap for layer M6 : 0.25 0.21 (RCEX-011)
Information: Library Derived Res for layer M6 : 5.6e-07 5.6e-07 (RCEX-011)
Information: Library Derived Cap for layer M7 : 0.25 0.21 (RCEX-011)
Information: Library Derived Res for layer M7 : 5.6e-07 5.6e-07 (RCEX-011)
Information: Library Derived Cap for layer M8 : 0.25 0.21 (RCEX-011)
Information: Library Derived Res for layer M8 : 5.6e-07 5.6e-07 (RCEX-011)
Information: Library Derived Cap for layer M9 : 0.3 0.23 (RCEX-011)
Information: Library Derived Res for layer M9 : 6.2e-08 6.2e-08 (RCEX-011)
Information: Library Derived Horizontal Cap : 0.25 0.21 (RCEX-011)
Information: Library Derived Horizontal Res : 4.8e-07 4.8e-07 (RCEX-011)
Information: Library Derived Vertical Cap : 0.25 0.21 (RCEX-011)
Information: Library Derived Vertical Res : 5.6e-07 5.6e-07 (RCEX-011)
Information: Using derived R and C coefficients. (RCEX-008)
Information: Using region-based R and C coefficients. (RCEX-013)
Information: Library Derived Via Res : 8e-07 8e-07 (RCEX-011)
Information: End rc update.
Information: The mixed mode parasitic extraction has been performed. (RCEX-202)
Report clock tree summary results after clock routing and extraction
Information: Updating graph... (UID-83)
Information: Input delay ('rise') on clock port 'clk' will be added to the clock's propagated skew. (TIM-112)
Information: Input delay ('fall') on clock port 'clk' will be added to the clock's propagated skew. (TIM-112)
 
****************************************
Report : clock tree
Design : riscv_core_synth
Version: Q-2019.12-SP5
Date   : Wed May  6 17:31:23 2026
****************************************

Information: Float pin scale factor for the 'max' operating condition of scenario 'default' is set to 1.000 (CTS-375)

======================= Clock Tree Summary ========================
Clock                Sinks     CTBuffers ClkCells  Skew      LongestPath TotalDRC   BufferArea
-----------------------------------------------------------------------------------------------
clk                  1023      7         7         0.0448    0.2685      0            103.2192
 
****************************************
Report : qor
Design : riscv_core_synth
Version: Q-2019.12-SP5
Date   : Wed May  6 17:31:23 2026
****************************************


  Timing Path Group 'clk'
  -----------------------------------
  Levels of Logic:              22.00
  Critical Path Length:          4.38
  Critical Path Slack:          10.62
  Critical Path Clk Period:     17.00
  Total Negative Slack:          0.00
  No. of Violating Paths:        0.00
  Worst Hold Violation:          0.00
  Total Hold Violation:          0.00
  No. of Hold Violations:        0.00
  -----------------------------------


  Cell Count
  -----------------------------------
  Hierarchical Cell Count:          1
  Hierarchical Port Count:        123
  Leaf Cell Count:               4828
  Buf/Inv Cell Count:             359
  Buf Cell Count:                 123
  Inv Cell Count:                 236
  CT Buf/Inv Cell Count:            7
  Combinational Cell Count:      3805
  Sequential Cell Count:         1023
  Macro Count:                      0
  -----------------------------------


  Area
  -----------------------------------
  Combinational Area:    36934.963154
  Noncombinational Area: 32997.888531
  Buf/Inv Area:           2073.600045
  Total Buffer Area:           680.14
  Total Inverter Area:        1393.46
  Macro/Black Box Area:      0.000000
  Net Area:               9570.703209
  Net XLength        :      109481.39
  Net YLength        :      103358.41
  -----------------------------------
  Cell Area:             69932.851685
  Design Area:           79503.554894
  Net Length        :       212839.81


  Design Rules
  -----------------------------------
  Total Number of Nets:          4944
  Nets With Violations:             0
  Max Trans Violations:             0
  Max Cap Violations:               0
  -----------------------------------


  Hostname: zeus-2.cec.gmu.edu

  Compile CPU Statistics
  -----------------------------------------
  Resource Sharing:                    0.69
  Logic Optimization:                  2.79
  Mapping Optimization:               26.28
  -----------------------------------------
  Overall Compile Time:               41.79
  Overall Compile Wall Clock Time:    42.39

  --------------------------------------------------------------------

  Design  WNS: 0.00  TNS: 0.00  Number of Violating Paths: 0


  Design (Hold)  WNS: 0.00  TNS: 0.00  Number of Violating Paths: 0

  --------------------------------------------------------------------


clock_opt completed Successfully
1
route_opt
Information: Running detail route with timing driven mode save after iteration 1 (route_opt default). (ROPT-020)
ROPT:    route_opt strategy for the design:
ROPT:    Stage                                 : auto
ROPT:    Effort                                : medium
ROPT:    Power mode                            : none
ROPT:    Search-Repair loops                   : 10 
ROPT:    ECO Search-Repair loops               : 4 
ROPT:    Fix Hold Mode                         : route_based 
ROPT:    Route Violation threshold             : 3000 
 Routeopt: Using zrt router
Information: Running global route with timing driven mode true (route_opt default). (ROPT-020)
Information: Running track_assign with timing driven mode true (route_opt default). (ROPT-020)
Information: Running detail route with timing driven mode true (route_opt default). (ROPT-020)
GART: Updated design time.
****************************************************************
Information: TLUPlus based RC computation is enabled. (RCEX-141)
****************************************************************
Information: The distance unit in Capacitance and Resistance is 1 micron. (RCEX-007)
Information: The RC model used is TLU+. (RCEX-015)
Information: Library Derived Cap for layer M1 : 0.22 0.19 (RCEX-011)
Information: Library Derived Res for layer M1 : 6.4e-07 6.4e-07 (RCEX-011)
Information: Library Derived Cap for layer M2 : 0.25 0.21 (RCEX-011)
Information: Library Derived Res for layer M2 : 5.6e-07 5.6e-07 (RCEX-011)
Information: Library Derived Cap for layer M3 : 0.25 0.21 (RCEX-011)
Information: Library Derived Res for layer M3 : 5.6e-07 5.6e-07 (RCEX-011)
Information: Library Derived Cap for layer M4 : 0.25 0.21 (RCEX-011)
Information: Library Derived Res for layer M4 : 5.6e-07 5.6e-07 (RCEX-011)
Information: Library Derived Cap for layer M5 : 0.25 0.21 (RCEX-011)
Information: Library Derived Res for layer M5 : 5.6e-07 5.6e-07 (RCEX-011)
Information: Library Derived Cap for layer M6 : 0.25 0.21 (RCEX-011)
Information: Library Derived Res for layer M6 : 5.6e-07 5.6e-07 (RCEX-011)
Information: Library Derived Cap for layer M7 : 0.25 0.21 (RCEX-011)
Information: Library Derived Res for layer M7 : 5.6e-07 5.6e-07 (RCEX-011)
Information: Library Derived Cap for layer M8 : 0.25 0.21 (RCEX-011)
Information: Library Derived Res for layer M8 : 5.6e-07 5.6e-07 (RCEX-011)
Information: Library Derived Cap for layer M9 : 0.3 0.23 (RCEX-011)
Information: Library Derived Res for layer M9 : 6.2e-08 6.2e-08 (RCEX-011)
Information: Library Derived Horizontal Cap : 0.25 0.21 (RCEX-011)
Information: Library Derived Horizontal Res : 4.8e-07 4.8e-07 (RCEX-011)
Information: Library Derived Vertical Cap : 0.25 0.21 (RCEX-011)
Information: Library Derived Vertical Res : 5.6e-07 5.6e-07 (RCEX-011)
Information: Using derived R and C coefficients. (RCEX-008)
Information: Using region-based R and C coefficients. (RCEX-013)
Information: Library Derived Via Res : 8e-07 8e-07 (RCEX-011)
GART: Transferring timing data to the router....
GART: Done transferring timing data to the router.
Information: Running global route with timing driven mode true (route_opt default). (ROPT-020)
Information: Running track_assign with timing driven mode true (route_opt default). (ROPT-020)
Information: Running detail route with timing driven mode true (route_opt default). (ROPT-020)
ROPT:    Running Initial Route             Wed May  6 17:31:24 2026

  Beginning initial routing 
  --------------------------

Warning: Ignore contact DIFFCON. (ZRT-015)
Turn off antenna since no rule is specified
Cell Min-Routing-Layer = M1
Cell Max-Routing-Layer = M9
Information: Multiple default contact VIA12C found for layer VIA1. (ZRT-021)
Warning: Contact VIA89's lower layer enclosure width does not satisfy end of line enclosure design rule. (ZRT-042)
Warning: Contact VIA89's upper layer enclosure width does not satisfy end of line enclosure design rule. (ZRT-042)
Warning: Contact VIA89's lower layer enclosure height does not satisfy end of line enclosure design rule. (ZRT-042)
Warning: Contact VIA89's upper layer enclosure height does not satisfy end of line enclosure design rule. (ZRT-042)
Warning: Contact VIA89C's lower layer enclosure height does not satisfy end of line enclosure design rule. (ZRT-042)
Warning: Contact VIA89C's upper layer enclosure width does not satisfy end of line enclosure design rule. (ZRT-042)
Warning: Contact VIA89C's lower layer enclosure width does not satisfy end of line enclosure design rule. (ZRT-042)
Warning: Contact VIA89C's upper layer enclosure height does not satisfy end of line enclosure design rule. (ZRT-042)
Via on layer (VIA1) needs more than one tracks
Warning: Layer M2 pitch 0.320 may be too small: wire/via-down 0.360, wire/via-up 0.320. (ZRT-026)
Via on layer (VIA3) needs more than one tracks
Warning: Layer M3 pitch 0.320 may be too small: wire/via-down 0.320, wire/via-up 0.360. (ZRT-026)
Via on layer (VIA3) needs more than one tracks
Warning: Layer M4 pitch 0.320 may be too small: wire/via-down 0.360, wire/via-up 0.320. (ZRT-026)
Via on layer (VIA5) needs more than one tracks
Warning: Layer M5 pitch 0.320 may be too small: wire/via-down 0.320, wire/via-up 0.360. (ZRT-026)
Via on layer (VIA5) needs more than one tracks
Warning: Layer M6 pitch 0.320 may be too small: wire/via-down 0.360, wire/via-up 0.320. (ZRT-026)
Via on layer (VIA7) needs more than one tracks
Warning: Layer M7 pitch 0.320 may be too small: wire/via-down 0.320, wire/via-up 0.360. (ZRT-026)
Wire on layer (M8) needs more than one tracks
Via on layer (VIA7) needs more than one tracks
Via on layer (VIA8) needs more than one tracks
Warning: Layer M8 pitch 0.320 may be too small: wire/via-down 0.360, wire/via-up 0.465. (ZRT-026)
Transition layer name: M8(7)
Start Global Route ... 
[Init] Elapsed real time: 0:00:00 
[Init] Elapsed cpu  time: sys=0:00:00 usr=0:00:00 total=0:00:00
[Init] Stage (MB): Used    0  Alloctr    0  Proc    0 
[Init] Total (MB): Used   98  Alloctr   99  Proc 2132 
Printing options for 'set_route_zrt_common_options'

Printing options for 'set_route_zrt_global_options'
-timing_driven                                          :	 true                

Begin global routing.
Constructing data structure ...
Design statistics:
Design Bounding Box (0.00,0.00,338.40,336.80)
Number of routing layers = 9
layer M1, dir Hor, min width = 0.14, min space = 0.14 pitch = 0.32
layer M2, dir Ver, min width = 0.16, min space = 0.16 pitch = 0.32
layer M3, dir Hor, min width = 0.16, min space = 0.16 pitch = 0.32
layer M4, dir Ver, min width = 0.16, min space = 0.16 pitch = 0.32
layer M5, dir Hor, min width = 0.16, min space = 0.16 pitch = 0.32
layer M6, dir Ver, min width = 0.16, min space = 0.16 pitch = 0.32
layer M7, dir Hor, min width = 0.16, min space = 0.16 pitch = 0.32
layer M8, dir Ver, min width = 0.16, min space = 0.16 pitch = 0.32
layer M9, dir Hor, min width = 0.45, min space = 0.45 pitch = 0.90
Current Stage stats:
[End of Build Tech Data] Elapsed real time: 0:00:00 
[End of Build Tech Data] Elapsed cpu  time: sys=0:00:00 usr=0:00:00 total=0:00:00
[End of Build Tech Data] Stage (MB): Used    1  Alloctr    1  Proc    0 
[End of Build Tech Data] Total (MB): Used  101  Alloctr  102  Proc 2132 
Warning: Power net VSS has no power preroutes, skip tie-off. (ZRT-101)
Net statistics:
Total number of nets     = 4944
Number of nets to route  = 4935
Number of nets with min-layer-mode soft = 8
Number of nets with min-layer-mode soft-cost-medium = 8
Number of nets with max-layer-mode hard = 6
9 nets are fully connected,
 of which 9 are detail routed and 0 are global routed.
Current Stage stats:
[End of Build All Nets] Elapsed real time: 0:00:00 
[End of Build All Nets] Elapsed cpu  time: sys=0:00:00 usr=0:00:00 total=0:00:00
[End of Build All Nets] Stage (MB): Used    2  Alloctr    2  Proc    0 
[End of Build All Nets] Total (MB): Used  103  Alloctr  104  Proc 2132 
Average gCell capacity  2.46	 on layer (1)	 M1
Average gCell capacity  9.10	 on layer (2)	 M2
Average gCell capacity  9.05	 on layer (3)	 M3
Average gCell capacity  9.10	 on layer (4)	 M4
Average gCell capacity  9.06	 on layer (5)	 M5
Average gCell capacity  9.10	 on layer (6)	 M6
Average gCell capacity  9.06	 on layer (7)	 M7
Average gCell capacity  9.10	 on layer (8)	 M8
Average gCell capacity  3.21	 on layer (9)	 M9
Average number of tracks per gCell 9.09	 on layer (1)	 M1
Average number of tracks per gCell 9.12	 on layer (2)	 M2
Average number of tracks per gCell 9.08	 on layer (3)	 M3
Average number of tracks per gCell 9.12	 on layer (4)	 M4
Average number of tracks per gCell 9.08	 on layer (5)	 M5
Average number of tracks per gCell 9.12	 on layer (6)	 M6
Average number of tracks per gCell 9.08	 on layer (7)	 M7
Average number of tracks per gCell 9.12	 on layer (8)	 M8
Average number of tracks per gCell 3.22	 on layer (9)	 M9
Number of gCells = 121104
Current Stage stats:
[End of Build Congestion map] Elapsed real time: 0:00:00 
[End of Build Congestion map] Elapsed cpu  time: sys=0:00:00 usr=0:00:00 total=0:00:00
[End of Build Congestion map] Stage (MB): Used    0  Alloctr    0  Proc    0 
[End of Build Congestion map] Total (MB): Used  104  Alloctr  104  Proc 2132 
Total stats:
[End of Build Data] Elapsed real time: 0:00:00 
[End of Build Data] Elapsed cpu  time: sys=0:00:00 usr=0:00:00 total=0:00:00
[End of Build Data] Stage (MB): Used    4  Alloctr    4  Proc    0 
[End of Build Data] Total (MB): Used  104  Alloctr  104  Proc 2132 
Current Stage stats:
[End of Blocked Pin Detection] Elapsed real time: 0:00:00 
[End of Blocked Pin Detection] Elapsed cpu  time: sys=0:00:00 usr=0:00:00 total=0:00:00
[End of Blocked Pin Detection] Stage (MB): Used    0  Alloctr    0  Proc    0 
[End of Blocked Pin Detection] Total (MB): Used  104  Alloctr  104  Proc 2132 
Information: Using 1 threads for routing. (ZRT-444)
multi gcell levels ON

Start GR phase 0
Current Stage stats:
[End of Initial Routing] Elapsed real time: 0:00:00 
[End of Initial Routing] Elapsed cpu  time: sys=0:00:00 usr=0:00:00 total=0:00:00
[End of Initial Routing] Stage (MB): Used    3  Alloctr    3  Proc    0 
[End of Initial Routing] Total (MB): Used  107  Alloctr  108  Proc 2132 
Initial. Routing result:
Initial. Both Dirs: Overflow =    52 Max = 1 GRCs =    67 (0.25%)
Initial. H routing: Overflow =    49 Max = 1 (GRCs = 40) GRCs =    58 (0.43%)
Initial. V routing: Overflow =     3 Max = 0 (GRCs =  9) GRCs =     9 (0.07%)
Initial. M1         Overflow =    46 Max = 1 (GRCs = 37) GRCs =    55 (0.41%)
Initial. M2         Overflow =     3 Max = 0 (GRCs =  9) GRCs =     9 (0.07%)
Initial. M3         Overflow =     3 Max = 1 (GRCs =  3) GRCs =     3 (0.02%)
Initial. M4         Overflow =     0 Max = 0 (GRCs =  0) GRCs =     0 (0.00%)
Initial. M5         Overflow =     0 Max = 0 (GRCs =  0) GRCs =     0 (0.00%)
Initial. M6         Overflow =     0 Max = 0 (GRCs =  0) GRCs =     0 (0.00%)
Initial. M7         Overflow =     0 Max = 0 (GRCs =  0) GRCs =     0 (0.00%)
Initial. M8         Overflow =     0 Max = 0 (GRCs =  0) GRCs =     0 (0.00%)
Initial. M9         Overflow =     0 Max = 0 (GRCs =  0) GRCs =     0 (0.00%)


Density distribution:
Layer    0.0  0.1  0.2  0.3  0.4  0.5  0.6  0.7  0.8  0.9  1.0  1.1  1.2  > 1.2 
M1       97.3 2.16 0.04 0.01 0.00 0.00 0.00 0.00 0.00 0.00 0.15 0.00 0.00 0.27
M2       14.9 14.5 18.8 19.0 14.6 9.74 5.26 2.13 0.75 0.00 0.12 0.00 0.00 0.00
M3       10.7 14.8 19.0 21.8 16.5 9.73 4.76 1.75 0.53 0.00 0.07 0.02 0.00 0.00
M4       49.1 27.3 13.4 6.32 2.47 1.00 0.18 0.05 0.03 0.00 0.00 0.00 0.00 0.00
M5       66.6 19.5 9.68 3.28 0.72 0.08 0.00 0.00 0.00 0.00 0.00 0.00 0.00 0.00
M6       98.9 1.10 0.00 0.00 0.00 0.00 0.00 0.00 0.00 0.00 0.00 0.00 0.00 0.00
M7       99.9 0.04 0.00 0.00 0.00 0.00 0.00 0.00 0.00 0.00 0.00 0.00 0.00 0.00
M8       99.1 0.85 0.00 0.00 0.00 0.00 0.00 0.00 0.00 0.00 0.00 0.00 0.00 0.00
M9       99.2 0.00 0.06 0.62 0.00 0.00 0.10 0.00 0.00 0.00 0.00 0.00 0.00 0.00
Total    70.6 8.94 6.80 5.68 3.81 2.28 1.14 0.44 0.15 0.00 0.04 0.00 0.00 0.03


Initial. Total Wire Length = 200005.90
Initial. Layer M1 wire length = 1120.39
Initial. Layer M2 wire length = 70056.21
Initial. Layer M3 wire length = 81681.76
Initial. Layer M4 wire length = 27141.32
Initial. Layer M5 wire length = 19604.87
Initial. Layer M6 wire length = 401.36
Initial. Layer M7 wire length = 0.00
Initial. Layer M8 wire length = 0.00
Initial. Layer M9 wire length = 0.00
Initial. Total Number of Contacts = 37012
Initial. Via VIA12C count = 18231
Initial. Via VIA23C count = 16562
Initial. Via VIA34C count = 1748
Initial. Via VIA45C count = 457
Initial. Via VIA56C count = 14
Initial. Via VIA67C count = 0
Initial. Via VIA78C count = 0
Initial. Via VIA89C count = 0
Initial. completed.

Start GR phase 1
Current Stage stats:
[End of Phase1 Routing] Elapsed real time: 0:00:00 
[End of Phase1 Routing] Elapsed cpu  time: sys=0:00:00 usr=0:00:00 total=0:00:00
[End of Phase1 Routing] Stage (MB): Used    0  Alloctr    0  Proc    0 
[End of Phase1 Routing] Total (MB): Used  107  Alloctr  108  Proc 2132 
phase1. Routing result:
phase1. Both Dirs: Overflow =    34 Max = 1 GRCs =    45 (0.17%)
phase1. H routing: Overflow =    33 Max = 1 (GRCs = 25) GRCs =    41 (0.30%)
phase1. V routing: Overflow =     1 Max = 0 (GRCs =  4) GRCs =     4 (0.03%)
phase1. M1         Overflow =    33 Max = 1 (GRCs = 25) GRCs =    41 (0.30%)
phase1. M2         Overflow =     1 Max = 0 (GRCs =  4) GRCs =     4 (0.03%)
phase1. M3         Overflow =     0 Max = 0 (GRCs =  0) GRCs =     0 (0.00%)
phase1. M4         Overflow =     0 Max = 0 (GRCs =  0) GRCs =     0 (0.00%)
phase1. M5         Overflow =     0 Max = 0 (GRCs =  0) GRCs =     0 (0.00%)
phase1. M6         Overflow =     0 Max = 0 (GRCs =  0) GRCs =     0 (0.00%)
phase1. M7         Overflow =     0 Max = 0 (GRCs =  0) GRCs =     0 (0.00%)
phase1. M8         Overflow =     0 Max = 0 (GRCs =  0) GRCs =     0 (0.00%)
phase1. M9         Overflow =     0 Max = 0 (GRCs =  0) GRCs =     0 (0.00%)


Density distribution:
Layer    0.0  0.1  0.2  0.3  0.4  0.5  0.6  0.7  0.8  0.9  1.0  1.1  1.2  > 1.2 
M1       96.9 2.53 0.09 0.01 0.00 0.01 0.00 0.00 0.00 0.00 0.24 0.00 0.00 0.19
M2       13.8 15.7 20.8 19.2 14.2 9.00 4.50 1.89 0.60 0.00 0.06 0.00 0.00 0.00
M3       10.5 15.8 21.2 23.6 16.1 8.35 2.90 1.04 0.31 0.00 0.04 0.00 0.00 0.00
M4       40.4 29.9 15.8 8.23 3.66 1.31 0.42 0.10 0.01 0.00 0.01 0.00 0.00 0.00
M5       55.4 24.4 13.4 5.05 1.31 0.23 0.04 0.00 0.00 0.00 0.00 0.00 0.00 0.00
M6       98.0 1.99 0.00 0.00 0.00 0.00 0.00 0.00 0.00 0.00 0.00 0.00 0.00 0.00
M7       99.7 0.24 0.00 0.00 0.00 0.00 0.00 0.00 0.00 0.00 0.00 0.00 0.00 0.00
M8       99.1 0.85 0.00 0.00 0.00 0.00 0.00 0.00 0.00 0.00 0.00 0.00 0.00 0.00
M9       99.2 0.00 0.06 0.62 0.00 0.00 0.10 0.00 0.00 0.00 0.00 0.00 0.00 0.00
Total    68.1 10.1 7.95 6.31 3.92 2.10 0.88 0.34 0.10 0.00 0.04 0.00 0.00 0.02


phase1. Total Wire Length = 200757.07
phase1. Layer M1 wire length = 1281.05
phase1. Layer M2 wire length = 64368.54
phase1. Layer M3 wire length = 73805.20
phase1. Layer M4 wire length = 33319.90
phase1. Layer M5 wire length = 27179.01
phase1. Layer M6 wire length = 727.21
phase1. Layer M7 wire length = 76.17
phase1. Layer M8 wire length = 0.00
phase1. Layer M9 wire length = 0.00
phase1. Total Number of Contacts = 38777
phase1. Via VIA12C count = 18264
phase1. Via VIA23C count = 16713
phase1. Via VIA34C count = 2848
phase1. Via VIA45C count = 924
phase1. Via VIA56C count = 26
phase1. Via VIA67C count = 2
phase1. Via VIA78C count = 0
phase1. Via VIA89C count = 0
phase1. completed.

Start GR phase 2
Current Stage stats:
[End of Phase2 Routing] Elapsed real time: 0:00:00 
[End of Phase2 Routing] Elapsed cpu  time: sys=0:00:00 usr=0:00:00 total=0:00:00
[End of Phase2 Routing] Stage (MB): Used    0  Alloctr    0  Proc    0 
[End of Phase2 Routing] Total (MB): Used  107  Alloctr  108  Proc 2132 
phase2. Routing result:
phase2. Both Dirs: Overflow =    25 Max = 1 GRCs =    31 (0.12%)
phase2. H routing: Overflow =    25 Max = 1 (GRCs = 19) GRCs =    31 (0.23%)
phase2. V routing: Overflow =     0 Max = 0 (GRCs =  0) GRCs =     0 (0.00%)
phase2. M1         Overflow =    25 Max = 1 (GRCs = 19) GRCs =    31 (0.23%)
phase2. M2         Overflow =     0 Max = 0 (GRCs =  0) GRCs =     0 (0.00%)
phase2. M3         Overflow =     0 Max = 0 (GRCs =  0) GRCs =     0 (0.00%)
phase2. M4         Overflow =     0 Max = 0 (GRCs =  0) GRCs =     0 (0.00%)
phase2. M5         Overflow =     0 Max = 0 (GRCs =  0) GRCs =     0 (0.00%)
phase2. M6         Overflow =     0 Max = 0 (GRCs =  0) GRCs =     0 (0.00%)
phase2. M7         Overflow =     0 Max = 0 (GRCs =  0) GRCs =     0 (0.00%)
phase2. M8         Overflow =     0 Max = 0 (GRCs =  0) GRCs =     0 (0.00%)
phase2. M9         Overflow =     0 Max = 0 (GRCs =  0) GRCs =     0 (0.00%)


Density distribution:
Layer    0.0  0.1  0.2  0.3  0.4  0.5  0.6  0.7  0.8  0.9  1.0  1.1  1.2  > 1.2 
M1       97.0 2.52 0.09 0.01 0.00 0.01 0.00 0.00 0.00 0.00 0.24 0.00 0.00 0.14
M2       13.9 17.1 23.6 21.3 14.4 6.99 2.06 0.45 0.07 0.00 0.00 0.00 0.00 0.00
M3       10.5 15.7 21.2 23.6 15.9 8.58 2.99 1.06 0.31 0.00 0.05 0.00 0.00 0.00
M4       40.4 29.9 15.8 8.21 3.67 1.29 0.42 0.10 0.01 0.00 0.01 0.00 0.00 0.00
M5       55.4 24.4 13.4 5.04 1.31 0.23 0.04 0.00 0.00 0.00 0.00 0.00 0.00 0.00
M6       98.0 1.99 0.00 0.00 0.00 0.00 0.00 0.00 0.00 0.00 0.00 0.00 0.00 0.00
M7       99.7 0.24 0.00 0.00 0.00 0.00 0.00 0.00 0.00 0.00 0.00 0.00 0.00 0.00
M8       99.1 0.85 0.00 0.00 0.00 0.00 0.00 0.00 0.00 0.00 0.00 0.00 0.00 0.00
M9       99.2 0.00 0.06 0.62 0.00 0.00 0.10 0.00 0.00 0.00 0.00 0.00 0.00 0.00
Total    68.1 10.3 8.25 6.54 3.92 1.90 0.62 0.18 0.04 0.00 0.03 0.00 0.00 0.02


phase2. Total Wire Length = 200767.42
phase2. Layer M1 wire length = 1268.70
phase2. Layer M2 wire length = 64374.71
phase2. Layer M3 wire length = 73821.73
phase2. Layer M4 wire length = 33319.90
phase2. Layer M5 wire length = 27179.01
phase2. Layer M6 wire length = 727.21
phase2. Layer M7 wire length = 76.17
phase2. Layer M8 wire length = 0.00
phase2. Layer M9 wire length = 0.00
phase2. Total Number of Contacts = 38785
phase2. Via VIA12C count = 18264
phase2. Via VIA23C count = 16721
phase2. Via VIA34C count = 2848
phase2. Via VIA45C count = 924
phase2. Via VIA56C count = 26
phase2. Via VIA67C count = 2
phase2. Via VIA78C count = 0
phase2. Via VIA89C count = 0
phase2. completed.

Start GR phase 3
Current Stage stats:
[End of Phase3 Routing] Elapsed real time: 0:00:00 
[End of Phase3 Routing] Elapsed cpu  time: sys=0:00:00 usr=0:00:00 total=0:00:00
[End of Phase3 Routing] Stage (MB): Used    0  Alloctr    0  Proc    0 
[End of Phase3 Routing] Total (MB): Used  107  Alloctr  108  Proc 2132 
phase3. Routing result:
phase3. Both Dirs: Overflow =    22 Max = 1 GRCs =    28 (0.10%)
phase3. H routing: Overflow =    22 Max = 1 (GRCs = 16) GRCs =    28 (0.21%)
phase3. V routing: Overflow =     0 Max = 0 (GRCs =  0) GRCs =     0 (0.00%)
phase3. M1         Overflow =    22 Max = 1 (GRCs = 16) GRCs =    28 (0.21%)
phase3. M2         Overflow =     0 Max = 0 (GRCs =  0) GRCs =     0 (0.00%)
phase3. M3         Overflow =     0 Max = 0 (GRCs =  0) GRCs =     0 (0.00%)
phase3. M4         Overflow =     0 Max = 0 (GRCs =  0) GRCs =     0 (0.00%)
phase3. M5         Overflow =     0 Max = 0 (GRCs =  0) GRCs =     0 (0.00%)
phase3. M6         Overflow =     0 Max = 0 (GRCs =  0) GRCs =     0 (0.00%)
phase3. M7         Overflow =     0 Max = 0 (GRCs =  0) GRCs =     0 (0.00%)
phase3. M8         Overflow =     0 Max = 0 (GRCs =  0) GRCs =     0 (0.00%)
phase3. M9         Overflow =     0 Max = 0 (GRCs =  0) GRCs =     0 (0.00%)


Density distribution:
Layer    0.0  0.1  0.2  0.3  0.4  0.5  0.6  0.7  0.8  0.9  1.0  1.1  1.2  > 1.2 
M1       97.0 2.53 0.09 0.01 0.00 0.01 0.00 0.00 0.00 0.00 0.24 0.00 0.00 0.12
M2       13.9 17.1 23.6 21.2 14.3 6.96 2.07 0.45 0.07 0.00 0.00 0.00 0.00 0.00
M3       10.5 15.7 21.2 23.6 15.9 8.59 2.99 1.06 0.31 0.00 0.05 0.00 0.00 0.00
M4       40.4 29.9 15.8 8.21 3.67 1.29 0.42 0.10 0.01 0.00 0.01 0.00 0.00 0.00
M5       55.4 24.4 13.4 5.04 1.31 0.23 0.04 0.00 0.00 0.00 0.00 0.00 0.00 0.00
M6       98.0 1.99 0.00 0.00 0.00 0.00 0.00 0.00 0.00 0.00 0.00 0.00 0.00 0.00
M7       99.7 0.24 0.00 0.00 0.00 0.00 0.00 0.00 0.00 0.00 0.00 0.00 0.00 0.00
M8       99.1 0.85 0.00 0.00 0.00 0.00 0.00 0.00 0.00 0.00 0.00 0.00 0.00 0.00
M9       99.2 0.00 0.06 0.62 0.00 0.00 0.10 0.00 0.00 0.00 0.00 0.00 0.00 0.00
Total    68.1 10.3 8.26 6.53 3.92 1.90 0.62 0.18 0.04 0.00 0.03 0.00 0.00 0.01


phase3. Total Wire Length = 200762.47
phase3. Layer M1 wire length = 1265.48
phase3. Layer M2 wire length = 64365.29
phase3. Layer M3 wire length = 73820.96
phase3. Layer M4 wire length = 33328.36
phase3. Layer M5 wire length = 27179.01
phase3. Layer M6 wire length = 727.21
phase3. Layer M7 wire length = 76.17
phase3. Layer M8 wire length = 0.00
phase3. Layer M9 wire length = 0.00
phase3. Total Number of Contacts = 38793
phase3. Via VIA12C count = 18272
phase3. Via VIA23C count = 16719
phase3. Via VIA34C count = 2850
phase3. Via VIA45C count = 924
phase3. Via VIA56C count = 26
phase3. Via VIA67C count = 2
phase3. Via VIA78C count = 0
phase3. Via VIA89C count = 0
phase3. completed.
Warning: Net VSS has unused floating user-enter shapes. (ZRT-113)
[End of Whole Chip Routing] Elapsed real time: 0:00:01 
[End of Whole Chip Routing] Elapsed cpu  time: sys=0:00:00 usr=0:00:01 total=0:00:01
[End of Whole Chip Routing] Stage (MB): Used    8  Alloctr    8  Proc    0 
[End of Whole Chip Routing] Total (MB): Used  107  Alloctr  108  Proc 2132 

Congestion utilization per direction:
Average vertical track utilization   =  9.70 %
Peak    vertical track utilization   = 38.89 %
Average horizontal track utilization = 10.45 %
Peak    horizontal track utilization = 46.67 %

Current Stage stats:
[GR: Done] Elapsed real time: 0:00:00 
[GR: Done] Elapsed cpu  time: sys=0:00:00 usr=0:00:00 total=0:00:00
[GR: Done] Stage (MB): Used   -1  Alloctr   -1  Proc    0 
[GR: Done] Total (MB): Used  107  Alloctr  107  Proc 2132 
GR Total stats:
[GR: Done] Elapsed real time: 0:00:01 
[GR: Done] Elapsed cpu  time: sys=0:00:00 usr=0:00:01 total=0:00:01
[GR: Done] Stage (MB): Used    8  Alloctr    8  Proc    0 
[GR: Done] Total (MB): Used  107  Alloctr  107  Proc 2132 
Updating congestion ...
Final total stats:
[End of Global Routing] Elapsed real time: 0:00:02 
[End of Global Routing] Elapsed cpu  time: sys=0:00:00 usr=0:00:02 total=0:00:02
[End of Global Routing] Stage (MB): Used    4  Alloctr    4  Proc    0 
[End of Global Routing] Total (MB): Used  103  Alloctr  103  Proc 2132 

Start track assignment

Printing options for 'set_route_zrt_common_options'

Printing options for 'set_route_zrt_track_options'
-timing_driven                                          :	 true                

Information: Using 1 threads for routing. (ZRT-444)

[Track Assign: Read routes] Elapsed real time: 0:00:00 
[Track Assign: Read routes] Elapsed cpu  time: sys=0:00:00 usr=0:00:00 total=0:00:00
[Track Assign: Read routes] Stage (MB): Used    2  Alloctr    2  Proc    0 
[Track Assign: Read routes] Total (MB): Used  105  Alloctr  106  Proc 2132 

Start initial assignment

Assign Horizontal partitions, iteration 0
Routed partition 1/11      
Routed partition 2/11      
Routed partition 3/11      
Routed partition 4/11      
Routed partition 5/11      
Routed partition 6/11      
Routed partition 7/11      
Routed partition 8/11      
Routed partition 9/11      
Routed partition 10/11     
Routed partition 11/11     

Assign Vertical partitions, iteration 0
Routed partition 1/11      
Routed partition 2/11      
Routed partition 3/11      
Routed partition 4/11      
Routed partition 5/11      
Routed partition 6/11      
Routed partition 7/11      
Routed partition 8/11      
Routed partition 9/11      
Routed partition 10/11     
Routed partition 11/11     

Number of wires with overlap after iteration 0 = 14051 of 51077


[Track Assign: Iteration 0] Elapsed real time: 0:00:00 
[Track Assign: Iteration 0] Elapsed cpu  time: sys=0:00:00 usr=0:00:00 total=0:00:00
[Track Assign: Iteration 0] Stage (MB): Used    2  Alloctr    3  Proc    0 
[Track Assign: Iteration 0] Total (MB): Used  105  Alloctr  107  Proc 2132 

Reroute to fix overlaps

Assign Horizontal partitions, iteration 1
Routed partition 1/11      
Routed partition 2/11      
Routed partition 3/11      
Routed partition 4/11      
Routed partition 5/11      
Routed partition 6/11      
Routed partition 7/11      
Routed partition 8/11      
Routed partition 9/11      
Routed partition 10/11     
Routed partition 11/11     

Assign Vertical partitions, iteration 1
Routed partition 1/11      
Routed partition 2/11      
Routed partition 3/11      
Routed partition 4/11      
Routed partition 5/11      
Routed partition 6/11      
Routed partition 7/11      
Routed partition 8/11      
Routed partition 9/11      
Routed partition 10/11     
Routed partition 11/11     

[Track Assign: Iteration 1] Elapsed real time: 0:00:01 
[Track Assign: Iteration 1] Elapsed cpu  time: sys=0:00:00 usr=0:00:01 total=0:00:01
[Track Assign: Iteration 1] Stage (MB): Used    2  Alloctr    3  Proc    0 
[Track Assign: Iteration 1] Total (MB): Used  105  Alloctr  107  Proc 2132 

Number of wires with overlap after iteration 1 = 4586 of 37655


Wire length and via report:
---------------------------
Number of M1 wires: 1116 		 POLYCON: 0
Number of M2 wires: 20354 		 VIA12C: 18486
Number of M3 wires: 13654 		 VIA23C: 21161
Number of M4 wires: 2005 		 VIA34C: 3268
Number of M5 wires: 512 		 VIA45C: 951
Number of M6 wires: 14 		 VIA56C: 27
Number of M7 wires: 0 		 VIA67C: 0
Number of M8 wires: 0 		 VIA78C: 0
Number of M9 wires: 0 		 VIA89C: 0
Total number of wires: 37655 		 vias: 43893

Total M1 wire length: 1418.5
Total M2 wire length: 64849.2
Total M3 wire length: 76640.7
Total M4 wire length: 33831.5
Total M5 wire length: 26859.3
Total M6 wire length: 1137.3
Total M7 wire length: 0.0
Total M8 wire length: 0.0
Total M9 wire length: 0.0
Total wire length: 204736.5

Longest M1 wire length: 80.0
Longest M2 wire length: 282.2
Longest M3 wire length: 179.0
Longest M4 wire length: 271.0
Longest M5 wire length: 193.6
Longest M6 wire length: 249.0
Longest M7 wire length: 0.0
Longest M8 wire length: 0.0
Longest M9 wire length: 0.0


[Track Assign: Done] Elapsed real time: 0:00:02 
[Track Assign: Done] Elapsed cpu  time: sys=0:00:00 usr=0:00:02 total=0:00:02
[Track Assign: Done] Stage (MB): Used    0  Alloctr    1  Proc    0 
[Track Assign: Done] Total (MB): Used  104  Alloctr  105  Proc 2132 
Printing options for 'set_route_zrt_common_options'

Printing options for 'set_route_zrt_detail_options'
-save_after_iterations                                  :	 {1 }                
-save_cell_prefix                                       :	 riscv_core_synth_INIT_RT
-timing_driven                                          :	 true                

[Dr init] Elapsed real time: 0:00:00 
[Dr init] Elapsed cpu  time: sys=0:00:00 usr=0:00:00 total=0:00:00
[Dr init] Stage (MB): Used    6  Alloctr    6  Proc    0 
[Dr init] Total (MB): Used  110  Alloctr  111  Proc 2132 
Total number of nets = 4944, of which 0 are not extracted
Total number of open nets = 0, of which 0 are frozen
Information: Using 1 threads for routing. (ZRT-444)
Start DR iteration 0: uniform partition
Routed	1/144 Partitions, Violations =	0
Routed	2/144 Partitions, Violations =	0
Routed	3/144 Partitions, Violations =	0
Routed	4/144 Partitions, Violations =	0
Routed	5/144 Partitions, Violations =	3
Routed	6/144 Partitions, Violations =	3
Routed	7/144 Partitions, Violations =	4
Routed	8/144 Partitions, Violations =	4
Routed	9/144 Partitions, Violations =	5
Routed	10/144 Partitions, Violations =	5
Routed	11/144 Partitions, Violations =	5
Routed	12/144 Partitions, Violations =	5
Routed	13/144 Partitions, Violations =	4
Routed	14/144 Partitions, Violations =	4
Routed	15/144 Partitions, Violations =	4
Routed	16/144 Partitions, Violations =	6
Routed	17/144 Partitions, Violations =	16
Routed	18/144 Partitions, Violations =	15
Routed	19/144 Partitions, Violations =	17
Routed	20/144 Partitions, Violations =	24
Routed	21/144 Partitions, Violations =	25
Routed	22/144 Partitions, Violations =	23
Routed	23/144 Partitions, Violations =	16
Routed	24/144 Partitions, Violations =	16
Routed	25/144 Partitions, Violations =	15
Routed	26/144 Partitions, Violations =	18
Routed	27/144 Partitions, Violations =	15
Routed	28/144 Partitions, Violations =	16
Routed	29/144 Partitions, Violations =	16
Routed	30/144 Partitions, Violations =	22
Routed	31/144 Partitions, Violations =	21
Routed	32/144 Partitions, Violations =	19
Routed	33/144 Partitions, Violations =	17
Routed	34/144 Partitions, Violations =	16
Routed	35/144 Partitions, Violations =	25
Routed	36/144 Partitions, Violations =	28
Routed	37/144 Partitions, Violations =	28
Routed	38/144 Partitions, Violations =	28
Routed	39/144 Partitions, Violations =	25
Routed	40/144 Partitions, Violations =	25
Routed	41/144 Partitions, Violations =	33
Routed	42/144 Partitions, Violations =	33
Routed	43/144 Partitions, Violations =	26
Routed	44/144 Partitions, Violations =	22
Routed	45/144 Partitions, Violations =	23
Routed	46/144 Partitions, Violations =	23
Routed	47/144 Partitions, Violations =	24
Routed	48/144 Partitions, Violations =	26
Routed	49/144 Partitions, Violations =	27
Routed	50/144 Partitions, Violations =	30
Routed	51/144 Partitions, Violations =	25
Routed	52/144 Partitions, Violations =	25
Routed	53/144 Partitions, Violations =	23
Routed	54/144 Partitions, Violations =	26
Routed	55/144 Partitions, Violations =	26
Routed	56/144 Partitions, Violations =	30
Routed	57/144 Partitions, Violations =	30
Routed	58/144 Partitions, Violations =	27
Routed	59/144 Partitions, Violations =	26
Routed	60/144 Partitions, Violations =	26
Routed	61/144 Partitions, Violations =	19
Routed	62/144 Partitions, Violations =	25
Routed	63/144 Partitions, Violations =	25
Routed	64/144 Partitions, Violations =	25
Routed	65/144 Partitions, Violations =	21
Routed	66/144 Partitions, Violations =	21
Routed	67/144 Partitions, Violations =	18
Routed	68/144 Partitions, Violations =	29
Routed	69/144 Partitions, Violations =	28
Routed	70/144 Partitions, Violations =	26
Routed	71/144 Partitions, Violations =	25
Routed	72/144 Partitions, Violations =	29
Routed	73/144 Partitions, Violations =	24
Routed	74/144 Partitions, Violations =	32
Routed	75/144 Partitions, Violations =	38
Routed	76/144 Partitions, Violations =	38
Routed	77/144 Partitions, Violations =	38
Routed	78/144 Partitions, Violations =	38
Routed	79/144 Partitions, Violations =	40
Routed	80/144 Partitions, Violations =	26
Routed	81/144 Partitions, Violations =	27
Routed	82/144 Partitions, Violations =	27
Routed	83/144 Partitions, Violations =	23
Routed	84/144 Partitions, Violations =	24
Routed	85/144 Partitions, Violations =	25
Routed	86/144 Partitions, Violations =	11
Routed	87/144 Partitions, Violations =	14
Routed	88/144 Partitions, Violations =	16
Routed	89/144 Partitions, Violations =	16
Routed	90/144 Partitions, Violations =	16
Routed	91/144 Partitions, Violations =	17
Routed	92/144 Partitions, Violations =	17
Routed	93/144 Partitions, Violations =	19
Routed	94/144 Partitions, Violations =	17
Routed	95/144 Partitions, Violations =	21
Routed	96/144 Partitions, Violations =	20
Routed	97/144 Partitions, Violations =	21
Routed	98/144 Partitions, Violations =	16
Routed	99/144 Partitions, Violations =	16
Routed	100/144 Partitions, Violations =	13
Routed	101/144 Partitions, Violations =	13
Routed	102/144 Partitions, Violations =	13
Routed	103/144 Partitions, Violations =	12
Routed	104/144 Partitions, Violations =	15
Routed	105/144 Partitions, Violations =	9
Routed	106/144 Partitions, Violations =	9
Routed	107/144 Partitions, Violations =	11
Routed	108/144 Partitions, Violations =	11
Routed	109/144 Partitions, Violations =	11
Routed	110/144 Partitions, Violations =	10
Routed	111/144 Partitions, Violations =	10
Routed	112/144 Partitions, Violations =	10
Routed	113/144 Partitions, Violations =	8
Routed	114/144 Partitions, Violations =	9
Routed	115/144 Partitions, Violations =	6
Routed	116/144 Partitions, Violations =	6
Routed	117/144 Partitions, Violations =	6
Routed	118/144 Partitions, Violations =	6
Routed	119/144 Partitions, Violations =	8
Routed	120/144 Partitions, Violations =	12
Routed	121/144 Partitions, Violations =	11
Routed	122/144 Partitions, Violations =	12
Routed	123/144 Partitions, Violations =	12
Routed	124/144 Partitions, Violations =	12
Routed	125/144 Partitions, Violations =	12
Routed	126/144 Partitions, Violations =	11
Routed	127/144 Partitions, Violations =	8
Routed	128/144 Partitions, Violations =	7
Routed	129/144 Partitions, Violations =	7
Routed	130/144 Partitions, Violations =	7
Routed	131/144 Partitions, Violations =	8
Routed	132/144 Partitions, Violations =	9
Routed	133/144 Partitions, Violations =	9
Routed	134/144 Partitions, Violations =	9
Routed	135/144 Partitions, Violations =	7
Routed	136/144 Partitions, Violations =	7
Routed	137/144 Partitions, Violations =	7
Routed	138/144 Partitions, Violations =	7
Routed	139/144 Partitions, Violations =	7
Routed	140/144 Partitions, Violations =	5
Routed	141/144 Partitions, Violations =	5
Routed	142/144 Partitions, Violations =	5
Routed	143/144 Partitions, Violations =	5
Routed	144/144 Partitions, Violations =	5

DRC-SUMMARY:
	@@@@@@@ TOTAL VIOLATIONS =	5
	Less than minimum area : 1
	Internal-only types : 4

[Iter 0] Elapsed real time: 0:00:03 
[Iter 0] Elapsed cpu  time: sys=0:00:00 usr=0:00:03 total=0:00:03
[Iter 0] Stage (MB): Used   15  Alloctr   15  Proc    0 
[Iter 0] Total (MB): Used  119  Alloctr  120  Proc 2132 

End DR iteration 0 with 144 parts

Start DR iteration 1: non-uniform partition
Routed	1/2 Partitions, Violations =	1
Routed	2/2 Partitions, Violations =	0

DRC-SUMMARY:
	@@@@@@@ TOTAL VIOLATIONS =	0

[Iter 1] Elapsed real time: 0:00:03 
[Iter 1] Elapsed cpu  time: sys=0:00:00 usr=0:00:03 total=0:00:03
[Iter 1] Stage (MB): Used   15  Alloctr   15  Proc    0 
[Iter 1] Total (MB): Used  119  Alloctr  120  Proc 2132 

End DR iteration 1 with 2 parts

Updating the database ...
Saving cell __auto_cel_zeus-2.cec.gmu.edu_3450139.CEL;1 as riscv_core_synth_INIT_RT_itr1.
riscv_core_synth_INIT_RT_itr1 saved successfully.
Finish DR since reached 0 DRC

[DR] Elapsed real time: 0:00:03 
[DR] Elapsed cpu  time: sys=0:00:00 usr=0:00:03 total=0:00:03
[DR] Stage (MB): Used    0  Alloctr    0  Proc    0 
[DR] Total (MB): Used  104  Alloctr  105  Proc 2132 
[DR: Done] Elapsed real time: 0:00:03 
[DR: Done] Elapsed cpu  time: sys=0:00:00 usr=0:00:03 total=0:00:03
[DR: Done] Stage (MB): Used    0  Alloctr    0  Proc    0 
[DR: Done] Total (MB): Used  104  Alloctr  105  Proc 2132 

DR finished with 0 open nets, of which 0 are frozen

DR finished with 0 violations

DRC-SUMMARY:
	@@@@@@@ TOTAL VIOLATIONS =	0



Total Wire Length =                    215495 micron
Total Number of Contacts =             46734
Total Number of Wires =                41543
Total Number of PtConns =              7109
Total Number of Routed Wires =       41543
Total Routed Wire Length =           213801 micron
Total Number of Routed Contacts =       46734
	Layer          M1 :       1817 micron
	Layer          M2 :      65680 micron
	Layer          M3 :      80887 micron
	Layer          M4 :      38512 micron
	Layer          M5 :      26679 micron
	Layer          M6 :       1142 micron
	Layer          M7 :          2 micron
	Layer          M8 :        443 micron
	Layer          M9 :        333 micron
	Via        VIA89C :         11
	Via   VIA78C(rot) :          9
	Via        VIA67C :          9
	Via   VIA56C(rot) :         38
	Via        VIA45C :        942
	Via        VIA34C :        204
	Via   VIA34C(rot) :       4372
	Via        VIA23C :      21909
	Via        VIA12B :         41
	Via   VIA12B(rot) :       2173
	Via        VIA12C :         19
	Via   VIA12C(rot) :      17007

 
Redundant via conversion report:
--------------------------------

  Total optimized via conversion rate =  0.00% (0 / 46734 vias)
 
    Layer VIA1       =  0.00% (0      / 19240   vias)
        Un-optimized = 100.00% (19240   vias)
    Layer VIA2       =  0.00% (0      / 21909   vias)
        Un-optimized = 100.00% (21909   vias)
    Layer VIA3       =  0.00% (0      / 4576    vias)
        Un-optimized = 100.00% (4576    vias)
    Layer VIA4       =  0.00% (0      / 942     vias)
        Un-optimized = 100.00% (942     vias)
    Layer VIA5       =  0.00% (0      / 38      vias)
        Un-optimized = 100.00% (38      vias)
    Layer VIA6       =  0.00% (0      / 9       vias)
        Un-optimized = 100.00% (9       vias)
    Layer VIA7       =  0.00% (0      / 9       vias)
        Un-optimized = 100.00% (9       vias)
    Layer VIA8       =  0.00% (0      / 11      vias)
        Un-optimized = 100.00% (11      vias)
 
  Total double via conversion rate    =  0.00% (0 / 46734 vias)
 
    Layer VIA1       =  0.00% (0      / 19240   vias)
    Layer VIA2       =  0.00% (0      / 21909   vias)
    Layer VIA3       =  0.00% (0      / 4576    vias)
    Layer VIA4       =  0.00% (0      / 942     vias)
    Layer VIA5       =  0.00% (0      / 38      vias)
    Layer VIA6       =  0.00% (0      / 9       vias)
    Layer VIA7       =  0.00% (0      / 9       vias)
    Layer VIA8       =  0.00% (0      / 11      vias)
 
  The optimized via conversion rate based on total routed via count =  0.00% (0 / 46734 vias)
 
    Layer VIA1       =  0.00% (0      / 19240   vias)
        Un-optimized = 100.00% (19240   vias)
    Layer VIA2       =  0.00% (0      / 21909   vias)
        Un-optimized = 100.00% (21909   vias)
    Layer VIA3       =  0.00% (0      / 4576    vias)
        Un-optimized = 100.00% (4576    vias)
    Layer VIA4       =  0.00% (0      / 942     vias)
        Un-optimized = 100.00% (942     vias)
    Layer VIA5       =  0.00% (0      / 38      vias)
        Un-optimized = 100.00% (38      vias)
    Layer VIA6       =  0.00% (0      / 9       vias)
        Un-optimized = 100.00% (9       vias)
    Layer VIA7       =  0.00% (0      / 9       vias)
        Un-optimized = 100.00% (9       vias)
    Layer VIA8       =  0.00% (0      / 11      vias)
        Un-optimized = 100.00% (11      vias)
 

Total number of nets = 4944
0 open nets, of which 0 are frozen
Total number of excluded ports = 0 ports of 0 unplaced cells connected to 0 nets
                                 0 ports without pins of 0 cells connected to 0 nets
                                 0 ports of 0 cover cells connected to 0 non-pg nets
Total number of DRCs = 0
Total number of antenna violations = antenna checking not active
Total number of voltage-area violations = no voltage-areas defined
Topology ECO iteration 1 ended with 0 qualifying violations.
Updating the database ...
Information: RC extraction has been freed. (PSYN-503)
ROPT:    Initial Route Done             Wed May  6 17:31:32 2026

  Loading design 'riscv_core_synth'




Information: Library Manufacturing Grid(GridResolution) : 5
Information: Time Unit from Milkyway design library: 'ns' 
Information: Design Library and main library timing units are matched - 1.000 ns. 
Information: Resistance Unit from Milkyway design library: 'kohm' 
Warning: Mismatch in the main library and the Milkyway library resistance units. In the main library it is 1000.000 kohm and in the Milkyway design library it is 1.000 kohm. Check and correct the resistance units in the .tf and .db files. (PSYN-476)
Information: Capacitance Unit from Milkyway design library: 'pf' 
Warning: Mismatch in the main and the Milkyway library capacitance units. In the main library it is 0.001 pf and in the Milkyway design library it is 1.000 pf. Check and correct the capacitance units in the .tf and .db files. (PSYN-477)
Warning: Inconsistent library data found for layer PO. (RCEX-018)
Information: The distance unit in Capacitance and Resistance is 1 micron. (RCEX-007)
Information: The RC model used is detail route TLU+. (RCEX-015)
Information: Start mixed mode parasitic extraction. (RCEX-023)
Information: Start rc extraction...
Information: Parasitic source is LPE. (RCEX-040)
Information: Parasitic mode is RealRC. (RCEX-041)
Information: Using virtual shield extraction. (RCEX-081)
Information: Extraction mode is MIN_MAX. (RCEX-042)
Information: Extraction derate is 125/125/125. (RCEX-043)
Information: Coupling capacitances are lumped to ground. (RCEX-044)
Information: Start back annotation for parasitic extraction. (RCEX-023)
Information: End back annotation for parasitic extraction. (RCEX-023)
Information: Start timing update for parasitic extraction. (RCEX-023)
Information: End timing update for parasitic extraction. (RCEX-023)
Information: End parasitic extraction. (RCEX-023)
Information: Updating graph... (UID-83)
Information: Updating design information... (UID-85)
Information: Input delay ('rise') on clock port 'clk' will be added to the clock's propagated skew. (TIM-112)
Information: Input delay ('fall') on clock port 'clk' will be added to the clock's propagated skew. (TIM-112)
 
****************************************
Report : qor
Design : riscv_core_synth
Version: Q-2019.12-SP5
Date   : Wed May  6 17:31:35 2026
****************************************


  Timing Path Group 'clk'
  -----------------------------------
  Levels of Logic:              22.00
  Critical Path Length:          4.24
  Critical Path Slack:          10.76
  Critical Path Clk Period:     17.00
  Total Negative Slack:          0.00
  No. of Violating Paths:        0.00
  Worst Hold Violation:          0.00
  Total Hold Violation:          0.00
  No. of Hold Violations:        0.00
  -----------------------------------


  Cell Count
  -----------------------------------
  Hierarchical Cell Count:          1
  Hierarchical Port Count:        123
  Leaf Cell Count:               4828
  Buf/Inv Cell Count:             359
  Buf Cell Count:                 123
  Inv Cell Count:                 236
  CT Buf/Inv Cell Count:            7
  Combinational Cell Count:      3805
  Sequential Cell Count:         1023
  Macro Count:                      0
  -----------------------------------


  Area
  -----------------------------------
  Combinational Area:    36934.963154
  Noncombinational Area: 32997.888531
  Buf/Inv Area:           2073.600045
  Total Buffer Area:           680.14
  Total Inverter Area:        1393.46
  Macro/Black Box Area:      0.000000
  Net Area:               9570.703209
  Net XLength        :      110678.84
  Net YLength        :      104111.29
  -----------------------------------
  Cell Area:             69932.851685
  Design Area:           79503.554894
  Net Length        :       214790.12


  Design Rules
  -----------------------------------
  Total Number of Nets:          4944
  Nets With Violations:             1
  Max Trans Violations:             1
  Max Cap Violations:               0
  -----------------------------------


  Hostname: zeus-2.cec.gmu.edu

  Compile CPU Statistics
  -----------------------------------------
  Resource Sharing:                    0.69
  Logic Optimization:                  2.79
  Mapping Optimization:               26.28
  -----------------------------------------
  Overall Compile Time:               41.79
  Overall Compile Wall Clock Time:    42.39

  --------------------------------------------------------------------

  Design  WNS: 0.00  TNS: 0.00  Number of Violating Paths: 0


  Design (Hold)  WNS: 0.00  TNS: 0.00  Number of Violating Paths: 0

  --------------------------------------------------------------------



ROPT:    (SETUP) WNS: 0.0000 TNS: 0.0000  Number of Violating Path: 0
ROPT:    (HOLD) WNS: 0.0000 TNS: 0.0000  Number of Violating Path: 0
ROPT:    Number of DRC Violating Nets: 1
ROPT:    Number of Route Violation: 0 
ROPT:    Running Optimization Stage 1             Wed May  6 17:31:35 2026

  Timing, DRC and Routing Optimization (auto Stage 1)
  ------------------------------------------------


  Loading design 'riscv_core_synth'




Information: Library Manufacturing Grid(GridResolution) : 5
Information: Time Unit from Milkyway design library: 'ns' 
Information: Design Library and main library timing units are matched - 1.000 ns. 
Information: Resistance Unit from Milkyway design library: 'kohm' 
Warning: Mismatch in the main library and the Milkyway library resistance units. In the main library it is 1000.000 kohm and in the Milkyway design library it is 1.000 kohm. Check and correct the resistance units in the .tf and .db files. (PSYN-476)
Information: Capacitance Unit from Milkyway design library: 'pf' 
Warning: Mismatch in the main and the Milkyway library capacitance units. In the main library it is 0.001 pf and in the Milkyway design library it is 1.000 pf. Check and correct the capacitance units in the .tf and .db files. (PSYN-477)

  Design  WNS: 0.0000  TNS: 0.0000  Number of Violating Paths: 0

  Nets with DRC Violations: 1
  Total moveable cell area: 69829.6
  Total fixed cell area: 103.2
  Total physical cell area: 69932.9
  Core area: (10000 10000 328400 326800)


  No hold constraints


  Beginning On-Route Optimization 
  --------------------------------

  Crosstalk fixing is OFF . Delta-delay: OFF, Delta-Slew: OFF, Static-Noise: OFF.


  Beginning Timing Optimization
  ------------------------------


  Beginning Phase 1 Design Rule Fixing  (max_transition)
  ------------------------------------

  Beginning Max Transition Fix
  -----------------------------

                                  TOTAL                                      
   ELAPSED            WORST NEG   SETUP    DESIGN                            
    TIME      AREA      SLACK     COST    RULE COST         ENDPOINT         
  --------- --------- --------- --------- --------- -------------------------
    0:01:14   69933.8      0.00       0.0       0.0 u_regfile/n335           

  Beginning Post-DRC Delay Recovery
  ----------------------------------


Note: Symbol # after min delay cost means estimated hold TNS across all active scenarios 


  Optimization Complete
  ---------------------
[begin initializing data for legality checker]

Initializing Data Structure ...
INFO: legalizer_via_spacing_check_mode 0
  Reading technology information ...
    Technology table contains 9 routable metal layers
    This is considered as a 9-metal-layer design
    Reading library information from DB ...
  Reading misc information ...
    array <unit> has 0 vertical and 110 horizontal rows
  Checking information read in ...
    design style = Horizontal masters, Horizontal rows

  Preprocessing design ...
    splitting rows by natural obstacles ...
... design style 0
... number of base array 1 0
INFO:... use original rows...
[end initializing data for legality checker]
 
****************************************
  Report : Chip Summary
  Design : riscv_core_synth
  Version: Q-2019.12-SP5
  Date   : Wed May  6 17:31:35 2026
****************************************
Std cell utilization: 69.33%  (75883/(109450-0))
(Non-fixed + Fixed)
Std cell utilization: 69.30%  (75771/(109450-112))
(Non-fixed only)
Chip area:            109450   sites, bbox (10.00 10.00 328.40 326.80) um
Std cell area:        75883    sites, (non-fixed:75771  fixed:112)
                      4828     cells, (non-fixed:4821   fixed:7)
Macro cell area:      0        sites
                      0        cells
Placement blockages:  0        sites, (excluding fixed std cells)
                      112      sites, (include fixed std cells & chimney area)
                      0        sites, (complete p/g net blockages)
Routing blockages:    0        sites, (partial p/g net blockages)
                      0        sites, (routing blockages and signal pre-route)
Lib cell count:       34 
Avg. std cell width:  3.62 um 
Site array:           unit     (width: 0.32 um, height: 2.88 um, rows: 110)
Physical DB scale:    1000 db_unit = 1 um 

 
****************************************
  Report : pnet options
  Design : riscv_core_synth
  Version: Q-2019.12-SP5
  Date   : Wed May  6 17:31:35 2026
****************************************


--------------------------------------------------------------------
Layer      Blockage   Min_width   Min_height   Via_additive     Density
--------------------------------------------------------------------
M1         none          ---         ---       via additive      ---
M2         none          ---         ---       via additive      ---
M3         none          ---         ---       via additive      ---
M4         none          ---         ---       via additive      ---
M5         none          ---         ---       via additive      ---
M6         none          ---         ---       via additive      ---
M7         none          ---         ---       via additive      ---
M8         none          ---         ---       via additive      ---
M9         none          ---         ---       via additive      ---

Total 2 (out of 4821) illegal cells need to be legalized.
Finding nearest legal location......100%
 
****************************************
  Report : Nearest Legal Location
  Design : riscv_core_synth
  Version: Q-2019.12-SP5
  Date   : Wed May  6 17:31:35 2026
****************************************

No cell displacement.

Legalizing 2 illegal cells......100%
 
****************************************
  Report : Legalize Displacement
  Design : riscv_core_synth
  Version: Q-2019.12-SP5
  Date   : Wed May  6 17:31:35 2026
****************************************

avg cell displacement:    0.320 um ( 0.11 row height)
max cell displacement:    0.320 um ( 0.11 row height)
std deviation:            0.000 um ( 0.00 row height)
number of cell moved:         1 cells (out of 4821 cells)

Total 0 cells has large displacement (e.g. > 8.640 um or 3 row height)


  On-Route Optimization Complete
  ------------------------------

[begin initializing data for legality checker]

Initializing Data Structure ...
INFO: legalizer_via_spacing_check_mode 0
  Reading technology information ...
    Technology table contains 9 routable metal layers
    This is considered as a 9-metal-layer design
    Reading library information from DB ...
  Reading misc information ...
    array <unit> has 0 vertical and 110 horizontal rows
  Checking information read in ...
    design style = Horizontal masters, Horizontal rows

  Preprocessing design ...
    splitting rows by natural obstacles ...
... design style 0
... number of base array 1 0
INFO:... use original rows...
[end initializing data for legality checker]
Warning: Die area is not integer multiples of min site height (2880), object's width and height(338400,336800). (PSYN-523)
Warning: Die area is not integer multiples of min site width (320), object's width and height(338400,336800). (PSYN-523)

**************************************************** 
Check_legality: Report for Fixed Placement Cells
Information: Use the -verbose option to get details about the legality violations. (PSYN-054)
**************************************************** 
(fixed placement) Cells Not on Row            : 0
(fixed placement) Cell Overlaps               : 0
(fixed placement) Cells overlapping blockages : 0
(fixed placement) Orientation Violations      : 0
(fixed placement) Site Violations             : 0
(fixed placement) Power Strap Violations      : 0
****************************************************** 

****************************************************** 
Check_legality: Report for Non-fixed Placement Cells
Information: Use the -verbose option to get details about the legality violations. (PSYN-054)
****************************************************** 
Number of Cells Not on Row            : 0
Number of Cell Overlaps               : 0
Number of Cells overlapping blockages : 0
Number of Orientation Violations      : 0
Number of Site Violations             : 0
Number of Power Strap Violations      : 0
******************************************** 
Information: Zroute based route preservation is enabled. (ROPT-032)
Information: Updating database...
GART: Updated design time.
GART: Transferring timing data to the router....
GART: Done transferring timing data to the router.
ROPT:    Optimization Stage 1 Done             Wed May  6 17:31:36 2026
ROPT:    Running Stage 1 Eco Route             Wed May  6 17:31:36 2026

  Beginning incremental routing (auto Stage 1)
  ----------------------------------------------

Warning: Ignore contact DIFFCON. (ZRT-015)
Turn off antenna since no rule is specified
Cell Min-Routing-Layer = M1
Cell Max-Routing-Layer = M9
Information: Multiple default contact VIA12C found for layer VIA1. (ZRT-021)
Warning: Contact VIA89's lower layer enclosure width does not satisfy end of line enclosure design rule. (ZRT-042)
Warning: Contact VIA89's upper layer enclosure width does not satisfy end of line enclosure design rule. (ZRT-042)
Warning: Contact VIA89's lower layer enclosure height does not satisfy end of line enclosure design rule. (ZRT-042)
Warning: Contact VIA89's upper layer enclosure height does not satisfy end of line enclosure design rule. (ZRT-042)
Warning: Contact VIA89C's lower layer enclosure height does not satisfy end of line enclosure design rule. (ZRT-042)
Warning: Contact VIA89C's upper layer enclosure width does not satisfy end of line enclosure design rule. (ZRT-042)
Warning: Contact VIA89C's lower layer enclosure width does not satisfy end of line enclosure design rule. (ZRT-042)
Warning: Contact VIA89C's upper layer enclosure height does not satisfy end of line enclosure design rule. (ZRT-042)
Via on layer (VIA1) needs more than one tracks
Warning: Layer M2 pitch 0.320 may be too small: wire/via-down 0.360, wire/via-up 0.320. (ZRT-026)
Via on layer (VIA3) needs more than one tracks
Warning: Layer M3 pitch 0.320 may be too small: wire/via-down 0.320, wire/via-up 0.360. (ZRT-026)
Via on layer (VIA3) needs more than one tracks
Warning: Layer M4 pitch 0.320 may be too small: wire/via-down 0.360, wire/via-up 0.320. (ZRT-026)
Via on layer (VIA5) needs more than one tracks
Warning: Layer M5 pitch 0.320 may be too small: wire/via-down 0.320, wire/via-up 0.360. (ZRT-026)
Via on layer (VIA5) needs more than one tracks
Warning: Layer M6 pitch 0.320 may be too small: wire/via-down 0.360, wire/via-up 0.320. (ZRT-026)
Via on layer (VIA7) needs more than one tracks
Warning: Layer M7 pitch 0.320 may be too small: wire/via-down 0.320, wire/via-up 0.360. (ZRT-026)
Wire on layer (M8) needs more than one tracks
Via on layer (VIA7) needs more than one tracks
Via on layer (VIA8) needs more than one tracks
Warning: Layer M8 pitch 0.320 may be too small: wire/via-down 0.360, wire/via-up 0.465. (ZRT-026)
Transition layer name: M8(7)
Warning: Power net VDD has no power preroutes, skip tie-off. (ZRT-101)
Warning: Power net VSS has no power preroutes, skip tie-off. (ZRT-101)
[ECO: Extraction] Elapsed real time: 0:00:00 
[ECO: Extraction] Elapsed cpu  time: sys=0:00:00 usr=0:00:00 total=0:00:00
[ECO: Extraction] Stage (MB): Used   95  Alloctr   94  Proc    0 
[ECO: Extraction] Total (MB): Used   98  Alloctr   99  Proc 2132 
Num of eco nets = 4942
Num of open eco nets = 0
[ECO: Init] Elapsed real time: 0:00:00 
[ECO: Init] Elapsed cpu  time: sys=0:00:00 usr=0:00:00 total=0:00:00
[ECO: Init] Stage (MB): Used   95  Alloctr   95  Proc    0 
[ECO: Init] Total (MB): Used   99  Alloctr  100  Proc 2132 
Printing options for 'set_route_zrt_common_options'

Printing options for 'set_route_zrt_detail_options'
-timing_driven                                          :	 true                


Begin ECO DRC check ...

Checked	1/9 Partitions, Violations =	0
Checked	2/9 Partitions, Violations =	0
Checked	3/9 Partitions, Violations =	0
Checked	4/9 Partitions, Violations =	0
Checked	5/9 Partitions, Violations =	0
Checked	6/9 Partitions, Violations =	0
Checked	7/9 Partitions, Violations =	0
Checked	8/9 Partitions, Violations =	0
Checked	9/9 Partitions, Violations =	0

DRC-SUMMARY:
	@@@@@@@ TOTAL VIOLATIONS =	0

[DRC CHECK] Elapsed real time: 0:00:00 
[DRC CHECK] Elapsed cpu  time: sys=0:00:00 usr=0:00:00 total=0:00:00
[DRC CHECK] Stage (MB): Used    0  Alloctr    0  Proc    0 
[DRC CHECK] Total (MB): Used  114  Alloctr  115  Proc 2132 

Total Wire Length =                    215499 micron
Total Number of Contacts =             46734
Total Number of Wires =                41503
Total Number of PtConns =              7159
Total Number of Routed Wires =       41503
Total Routed Wire Length =           213793 micron
Total Number of Routed Contacts =       46734
	Layer          M1 :       1821 micron
	Layer          M2 :      65680 micron
	Layer          M3 :      80887 micron
	Layer          M4 :      38512 micron
	Layer          M5 :      26679 micron
	Layer          M6 :       1142 micron
	Layer          M7 :          2 micron
	Layer          M8 :        443 micron
	Layer          M9 :        333 micron
	Via        VIA89C :         11
	Via   VIA78C(rot) :          9
	Via        VIA67C :          9
	Via   VIA56C(rot) :         38
	Via        VIA45C :        942
	Via        VIA34C :        204
	Via   VIA34C(rot) :       4372
	Via        VIA23C :      21909
	Via        VIA12B :         41
	Via   VIA12B(rot) :       2173
	Via        VIA12C :         19
	Via   VIA12C(rot) :      17007

 
Redundant via conversion report:
--------------------------------

  Total optimized via conversion rate =  0.00% (0 / 46734 vias)
 
    Layer VIA1       =  0.00% (0      / 19240   vias)
        Un-optimized = 100.00% (19240   vias)
    Layer VIA2       =  0.00% (0      / 21909   vias)
        Un-optimized = 100.00% (21909   vias)
    Layer VIA3       =  0.00% (0      / 4576    vias)
        Un-optimized = 100.00% (4576    vias)
    Layer VIA4       =  0.00% (0      / 942     vias)
        Un-optimized = 100.00% (942     vias)
    Layer VIA5       =  0.00% (0      / 38      vias)
        Un-optimized = 100.00% (38      vias)
    Layer VIA6       =  0.00% (0      / 9       vias)
        Un-optimized = 100.00% (9       vias)
    Layer VIA7       =  0.00% (0      / 9       vias)
        Un-optimized = 100.00% (9       vias)
    Layer VIA8       =  0.00% (0      / 11      vias)
        Un-optimized = 100.00% (11      vias)
 
  Total double via conversion rate    =  0.00% (0 / 46734 vias)
 
    Layer VIA1       =  0.00% (0      / 19240   vias)
    Layer VIA2       =  0.00% (0      / 21909   vias)
    Layer VIA3       =  0.00% (0      / 4576    vias)
    Layer VIA4       =  0.00% (0      / 942     vias)
    Layer VIA5       =  0.00% (0      / 38      vias)
    Layer VIA6       =  0.00% (0      / 9       vias)
    Layer VIA7       =  0.00% (0      / 9       vias)
    Layer VIA8       =  0.00% (0      / 11      vias)
 
  The optimized via conversion rate based on total routed via count =  0.00% (0 / 46734 vias)
 
    Layer VIA1       =  0.00% (0      / 19240   vias)
        Un-optimized = 100.00% (19240   vias)
    Layer VIA2       =  0.00% (0      / 21909   vias)
        Un-optimized = 100.00% (21909   vias)
    Layer VIA3       =  0.00% (0      / 4576    vias)
        Un-optimized = 100.00% (4576    vias)
    Layer VIA4       =  0.00% (0      / 942     vias)
        Un-optimized = 100.00% (942     vias)
    Layer VIA5       =  0.00% (0      / 38      vias)
        Un-optimized = 100.00% (38      vias)
    Layer VIA6       =  0.00% (0      / 9       vias)
        Un-optimized = 100.00% (9       vias)
    Layer VIA7       =  0.00% (0      / 9       vias)
        Un-optimized = 100.00% (9       vias)
    Layer VIA8       =  0.00% (0      / 11      vias)
        Un-optimized = 100.00% (11      vias)
 

DR finished with 0 violations


DRC-SUMMARY:
	@@@@@@@ TOTAL VIOLATIONS =	0


Total Wire Length =                    215499 micron
Total Number of Contacts =             46734
Total Number of Wires =                41503
Total Number of PtConns =              7159
Total Number of Routed Wires =       41503
Total Routed Wire Length =           213793 micron
Total Number of Routed Contacts =       46734
	Layer          M1 :       1821 micron
	Layer          M2 :      65680 micron
	Layer          M3 :      80887 micron
	Layer          M4 :      38512 micron
	Layer          M5 :      26679 micron
	Layer          M6 :       1142 micron
	Layer          M7 :          2 micron
	Layer          M8 :        443 micron
	Layer          M9 :        333 micron
	Via        VIA89C :         11
	Via   VIA78C(rot) :          9
	Via        VIA67C :          9
	Via   VIA56C(rot) :         38
	Via        VIA45C :        942
	Via        VIA34C :        204
	Via   VIA34C(rot) :       4372
	Via        VIA23C :      21909
	Via        VIA12B :         41
	Via   VIA12B(rot) :       2173
	Via        VIA12C :         19
	Via   VIA12C(rot) :      17007

 
Redundant via conversion report:
--------------------------------

  Total optimized via conversion rate =  0.00% (0 / 46734 vias)
 
    Layer VIA1       =  0.00% (0      / 19240   vias)
        Un-optimized = 100.00% (19240   vias)
    Layer VIA2       =  0.00% (0      / 21909   vias)
        Un-optimized = 100.00% (21909   vias)
    Layer VIA3       =  0.00% (0      / 4576    vias)
        Un-optimized = 100.00% (4576    vias)
    Layer VIA4       =  0.00% (0      / 942     vias)
        Un-optimized = 100.00% (942     vias)
    Layer VIA5       =  0.00% (0      / 38      vias)
        Un-optimized = 100.00% (38      vias)
    Layer VIA6       =  0.00% (0      / 9       vias)
        Un-optimized = 100.00% (9       vias)
    Layer VIA7       =  0.00% (0      / 9       vias)
        Un-optimized = 100.00% (9       vias)
    Layer VIA8       =  0.00% (0      / 11      vias)
        Un-optimized = 100.00% (11      vias)
 
  Total double via conversion rate    =  0.00% (0 / 46734 vias)
 
    Layer VIA1       =  0.00% (0      / 19240   vias)
    Layer VIA2       =  0.00% (0      / 21909   vias)
    Layer VIA3       =  0.00% (0      / 4576    vias)
    Layer VIA4       =  0.00% (0      / 942     vias)
    Layer VIA5       =  0.00% (0      / 38      vias)
    Layer VIA6       =  0.00% (0      / 9       vias)
    Layer VIA7       =  0.00% (0      / 9       vias)
    Layer VIA8       =  0.00% (0      / 11      vias)
 
  The optimized via conversion rate based on total routed via count =  0.00% (0 / 46734 vias)
 
    Layer VIA1       =  0.00% (0      / 19240   vias)
        Un-optimized = 100.00% (19240   vias)
    Layer VIA2       =  0.00% (0      / 21909   vias)
        Un-optimized = 100.00% (21909   vias)
    Layer VIA3       =  0.00% (0      / 4576    vias)
        Un-optimized = 100.00% (4576    vias)
    Layer VIA4       =  0.00% (0      / 942     vias)
        Un-optimized = 100.00% (942     vias)
    Layer VIA5       =  0.00% (0      / 38      vias)
        Un-optimized = 100.00% (38      vias)
    Layer VIA6       =  0.00% (0      / 9       vias)
        Un-optimized = 100.00% (9       vias)
    Layer VIA7       =  0.00% (0      / 9       vias)
        Un-optimized = 100.00% (9       vias)
    Layer VIA8       =  0.00% (0      / 11      vias)
        Un-optimized = 100.00% (11      vias)
 



Begin timing optimization in DR ...

Printing options for 'set_route_zrt_common_options'

Printing options for 'set_route_zrt_detail_options'
-timing_driven                                          :	 true                

[Dr init] Elapsed real time: 0:00:01 
[Dr init] Elapsed cpu  time: sys=0:00:00 usr=0:00:00 total=0:00:00
[Dr init] Stage (MB): Used    7  Alloctr    7  Proc    0 
[Dr init] Total (MB): Used  107  Alloctr  107  Proc 2132 

Begin timing soft drc check ...

Created 0 soft drcs


DRC-SUMMARY:
	@@@@@@@ TOTAL VIOLATIONS =	0
[SOFT DRC] Elapsed real time: 0:00:00 
[SOFT DRC] Elapsed cpu  time: sys=0:00:00 usr=0:00:00 total=0:00:00
[SOFT DRC] Stage (MB): Used    0  Alloctr    0  Proc    0 
[SOFT DRC] Total (MB): Used  107  Alloctr  108  Proc 2132 
[DR] Elapsed real time: 0:00:01 
[DR] Elapsed cpu  time: sys=0:00:00 usr=0:00:01 total=0:00:01
[DR] Stage (MB): Used    1  Alloctr    1  Proc    0 
[DR] Total (MB): Used  100  Alloctr  101  Proc 2132 
[DR: Done] Elapsed real time: 0:00:01 
[DR: Done] Elapsed cpu  time: sys=0:00:00 usr=0:00:01 total=0:00:01
[DR: Done] Stage (MB): Used    1  Alloctr    1  Proc    0 
[DR: Done] Total (MB): Used  100  Alloctr  101  Proc 2132 


Finished timing optimization in DR ...


Nets that have been changed:
Total number of changed nets = 0 (out of 4944)

[DR: Done] Elapsed real time: 0:00:01 
[DR: Done] Elapsed cpu  time: sys=0:00:00 usr=0:00:01 total=0:00:01
[DR: Done] Stage (MB): Used    1  Alloctr    1  Proc    0 
[DR: Done] Total (MB): Used  100  Alloctr  101  Proc 2132 
[ECO: DR] Elapsed real time: 0:00:01 
[ECO: DR] Elapsed cpu  time: sys=0:00:00 usr=0:00:01 total=0:00:01
[ECO: DR] Stage (MB): Used   96  Alloctr   96  Proc    0 
[ECO: DR] Total (MB): Used  100  Alloctr  101  Proc 2132 

ECO Route finished with 0 open nets, of which 0 are frozen

ECO Route finished with 0 violations

DRC-SUMMARY:
	@@@@@@@ TOTAL VIOLATIONS =	0



Total Wire Length =                    215499 micron
Total Number of Contacts =             46734
Total Number of Wires =                41503
Total Number of PtConns =              7159
Total Number of Routed Wires =       41503
Total Routed Wire Length =           213793 micron
Total Number of Routed Contacts =       46734
	Layer          M1 :       1821 micron
	Layer          M2 :      65680 micron
	Layer          M3 :      80887 micron
	Layer          M4 :      38512 micron
	Layer          M5 :      26679 micron
	Layer          M6 :       1142 micron
	Layer          M7 :          2 micron
	Layer          M8 :        443 micron
	Layer          M9 :        333 micron
	Via        VIA89C :         11
	Via   VIA78C(rot) :          9
	Via        VIA67C :          9
	Via   VIA56C(rot) :         38
	Via        VIA45C :        942
	Via        VIA34C :        204
	Via   VIA34C(rot) :       4372
	Via        VIA23C :      21909
	Via        VIA12B :         41
	Via   VIA12B(rot) :       2173
	Via        VIA12C :         19
	Via   VIA12C(rot) :      17007

 
Redundant via conversion report:
--------------------------------

  Total optimized via conversion rate =  0.00% (0 / 46734 vias)
 
    Layer VIA1       =  0.00% (0      / 19240   vias)
        Un-optimized = 100.00% (19240   vias)
    Layer VIA2       =  0.00% (0      / 21909   vias)
        Un-optimized = 100.00% (21909   vias)
    Layer VIA3       =  0.00% (0      / 4576    vias)
        Un-optimized = 100.00% (4576    vias)
    Layer VIA4       =  0.00% (0      / 942     vias)
        Un-optimized = 100.00% (942     vias)
    Layer VIA5       =  0.00% (0      / 38      vias)
        Un-optimized = 100.00% (38      vias)
    Layer VIA6       =  0.00% (0      / 9       vias)
        Un-optimized = 100.00% (9       vias)
    Layer VIA7       =  0.00% (0      / 9       vias)
        Un-optimized = 100.00% (9       vias)
    Layer VIA8       =  0.00% (0      / 11      vias)
        Un-optimized = 100.00% (11      vias)
 
  Total double via conversion rate    =  0.00% (0 / 46734 vias)
 
    Layer VIA1       =  0.00% (0      / 19240   vias)
    Layer VIA2       =  0.00% (0      / 21909   vias)
    Layer VIA3       =  0.00% (0      / 4576    vias)
    Layer VIA4       =  0.00% (0      / 942     vias)
    Layer VIA5       =  0.00% (0      / 38      vias)
    Layer VIA6       =  0.00% (0      / 9       vias)
    Layer VIA7       =  0.00% (0      / 9       vias)
    Layer VIA8       =  0.00% (0      / 11      vias)
 
  The optimized via conversion rate based on total routed via count =  0.00% (0 / 46734 vias)
 
    Layer VIA1       =  0.00% (0      / 19240   vias)
        Un-optimized = 100.00% (19240   vias)
    Layer VIA2       =  0.00% (0      / 21909   vias)
        Un-optimized = 100.00% (21909   vias)
    Layer VIA3       =  0.00% (0      / 4576    vias)
        Un-optimized = 100.00% (4576    vias)
    Layer VIA4       =  0.00% (0      / 942     vias)
        Un-optimized = 100.00% (942     vias)
    Layer VIA5       =  0.00% (0      / 38      vias)
        Un-optimized = 100.00% (38      vias)
    Layer VIA6       =  0.00% (0      / 9       vias)
        Un-optimized = 100.00% (9       vias)
    Layer VIA7       =  0.00% (0      / 9       vias)
        Un-optimized = 100.00% (9       vias)
    Layer VIA8       =  0.00% (0      / 11      vias)
        Un-optimized = 100.00% (11      vias)
 

Total number of nets = 4944
0 open nets, of which 0 are frozen
Total number of excluded ports = 0 ports of 0 unplaced cells connected to 0 nets
                                 0 ports without pins of 0 cells connected to 0 nets
                                 0 ports of 0 cover cells connected to 0 non-pg nets
Total number of DRCs = 0
Total number of antenna violations = antenna checking not active
Total number of voltage-area violations = no voltage-areas defined
Total Wire Length =                    215499 micron
Total Number of Contacts =             46734
Total Number of Wires =                41503
Total Number of PtConns =              7159
Total Number of Routed Wires =       41503
Total Routed Wire Length =           213793 micron
Total Number of Routed Contacts =       46734
	Layer          M1 :       1821 micron
	Layer          M2 :      65680 micron
	Layer          M3 :      80887 micron
	Layer          M4 :      38512 micron
	Layer          M5 :      26679 micron
	Layer          M6 :       1142 micron
	Layer          M7 :          2 micron
	Layer          M8 :        443 micron
	Layer          M9 :        333 micron
	Via        VIA89C :         11
	Via   VIA78C(rot) :          9
	Via        VIA67C :          9
	Via   VIA56C(rot) :         38
	Via        VIA45C :        942
	Via        VIA34C :        204
	Via   VIA34C(rot) :       4372
	Via        VIA23C :      21909
	Via        VIA12B :         41
	Via   VIA12B(rot) :       2173
	Via        VIA12C :         19
	Via   VIA12C(rot) :      17007

 
Redundant via conversion report:
--------------------------------

  Total optimized via conversion rate =  0.00% (0 / 46734 vias)
 
    Layer VIA1       =  0.00% (0      / 19240   vias)
        Un-optimized = 100.00% (19240   vias)
    Layer VIA2       =  0.00% (0      / 21909   vias)
        Un-optimized = 100.00% (21909   vias)
    Layer VIA3       =  0.00% (0      / 4576    vias)
        Un-optimized = 100.00% (4576    vias)
    Layer VIA4       =  0.00% (0      / 942     vias)
        Un-optimized = 100.00% (942     vias)
    Layer VIA5       =  0.00% (0      / 38      vias)
        Un-optimized = 100.00% (38      vias)
    Layer VIA6       =  0.00% (0      / 9       vias)
        Un-optimized = 100.00% (9       vias)
    Layer VIA7       =  0.00% (0      / 9       vias)
        Un-optimized = 100.00% (9       vias)
    Layer VIA8       =  0.00% (0      / 11      vias)
        Un-optimized = 100.00% (11      vias)
 
  Total double via conversion rate    =  0.00% (0 / 46734 vias)
 
    Layer VIA1       =  0.00% (0      / 19240   vias)
    Layer VIA2       =  0.00% (0      / 21909   vias)
    Layer VIA3       =  0.00% (0      / 4576    vias)
    Layer VIA4       =  0.00% (0      / 942     vias)
    Layer VIA5       =  0.00% (0      / 38      vias)
    Layer VIA6       =  0.00% (0      / 9       vias)
    Layer VIA7       =  0.00% (0      / 9       vias)
    Layer VIA8       =  0.00% (0      / 11      vias)
 
  The optimized via conversion rate based on total routed via count =  0.00% (0 / 46734 vias)
 
    Layer VIA1       =  0.00% (0      / 19240   vias)
        Un-optimized = 100.00% (19240   vias)
    Layer VIA2       =  0.00% (0      / 21909   vias)
        Un-optimized = 100.00% (21909   vias)
    Layer VIA3       =  0.00% (0      / 4576    vias)
        Un-optimized = 100.00% (4576    vias)
    Layer VIA4       =  0.00% (0      / 942     vias)
        Un-optimized = 100.00% (942     vias)
    Layer VIA5       =  0.00% (0      / 38      vias)
        Un-optimized = 100.00% (38      vias)
    Layer VIA6       =  0.00% (0      / 9       vias)
        Un-optimized = 100.00% (9       vias)
    Layer VIA7       =  0.00% (0      / 9       vias)
        Un-optimized = 100.00% (9       vias)
    Layer VIA8       =  0.00% (0      / 11      vias)
        Un-optimized = 100.00% (11      vias)
 
Topology ECO iteration 1 ended with 0 qualifying violations.
Updating the database ...
...updated 0 nets
[ECO: End] Elapsed real time: 0:00:01 
[ECO: End] Elapsed cpu  time: sys=0:00:00 usr=0:00:01 total=0:00:01
[ECO: End] Stage (MB): Used    0  Alloctr    0  Proc    0 
[ECO: End] Total (MB): Used    4  Alloctr    5  Proc 2132 
Information: RC extraction has been freed. (PSYN-503)
ROPT:    Stage 1 Eco Route Done             Wed May  6 17:31:38 2026

  Loading design 'riscv_core_synth'




Information: Library Manufacturing Grid(GridResolution) : 5
Information: Time Unit from Milkyway design library: 'ns' 
Information: Design Library and main library timing units are matched - 1.000 ns. 
Information: Resistance Unit from Milkyway design library: 'kohm' 
Warning: Mismatch in the main library and the Milkyway library resistance units. In the main library it is 1000.000 kohm and in the Milkyway design library it is 1.000 kohm. Check and correct the resistance units in the .tf and .db files. (PSYN-476)
Information: Capacitance Unit from Milkyway design library: 'pf' 
Warning: Mismatch in the main and the Milkyway library capacitance units. In the main library it is 0.001 pf and in the Milkyway design library it is 1.000 pf. Check and correct the capacitance units in the .tf and .db files. (PSYN-477)
Warning: Inconsistent library data found for layer PO. (RCEX-018)
Information: The distance unit in Capacitance and Resistance is 1 micron. (RCEX-007)
Information: The RC model used is detail route TLU+. (RCEX-015)
Information: Start mixed mode parasitic extraction. (RCEX-023)
Information: Start rc extraction...
Information: Parasitic source is LPE. (RCEX-040)
Information: Parasitic mode is RealRC. (RCEX-041)
Information: Using virtual shield extraction. (RCEX-081)
Information: Extraction mode is MIN_MAX. (RCEX-042)
Information: Extraction derate is 125/125/125. (RCEX-043)
Information: Coupling capacitances are lumped to ground. (RCEX-044)
Information: Start back annotation for parasitic extraction. (RCEX-023)
Information: End back annotation for parasitic extraction. (RCEX-023)
Information: Start timing update for parasitic extraction. (RCEX-023)
Information: End timing update for parasitic extraction. (RCEX-023)
Information: End parasitic extraction. (RCEX-023)
Information: Updating graph... (UID-83)
Information: Updating design information... (UID-85)
Information: Input delay ('rise') on clock port 'clk' will be added to the clock's propagated skew. (TIM-112)
Information: Input delay ('fall') on clock port 'clk' will be added to the clock's propagated skew. (TIM-112)
 
****************************************
Report : qor
Design : riscv_core_synth
Version: Q-2019.12-SP5
Date   : Wed May  6 17:31:40 2026
****************************************


  Timing Path Group 'clk'
  -----------------------------------
  Levels of Logic:              22.00
  Critical Path Length:          4.24
  Critical Path Slack:          10.76
  Critical Path Clk Period:     17.00
  Total Negative Slack:          0.00
  No. of Violating Paths:        0.00
  Worst Hold Violation:          0.00
  Total Hold Violation:          0.00
  No. of Hold Violations:        0.00
  -----------------------------------


  Cell Count
  -----------------------------------
  Hierarchical Cell Count:          1
  Hierarchical Port Count:        123
  Leaf Cell Count:               4828
  Buf/Inv Cell Count:             359
  Buf Cell Count:                 123
  Inv Cell Count:                 236
  CT Buf/Inv Cell Count:            7
  Combinational Cell Count:      3805
  Sequential Cell Count:         1023
  Macro Count:                      0
  -----------------------------------


  Area
  -----------------------------------
  Combinational Area:    36935.884754
  Noncombinational Area: 32997.888531
  Buf/Inv Area:           2074.521645
  Total Buffer Area:           680.14
  Total Inverter Area:        1394.38
  Macro/Black Box Area:      0.000000
  Net Area:               9570.703209
  Net XLength        :      110678.84
  Net YLength        :      104111.29
  -----------------------------------
  Cell Area:             69933.773285
  Design Area:           79504.476494
  Net Length        :       214790.12


  Design Rules
  -----------------------------------
  Total Number of Nets:          4944
  Nets With Violations:             0
  Max Trans Violations:             0
  Max Cap Violations:               0
  -----------------------------------


  Hostname: zeus-2.cec.gmu.edu

  Compile CPU Statistics
  -----------------------------------------
  Resource Sharing:                    0.69
  Logic Optimization:                  2.79
  Mapping Optimization:               26.35
  -----------------------------------------
  Overall Compile Time:               41.90
  Overall Compile Wall Clock Time:    42.50

  --------------------------------------------------------------------

  Design  WNS: 0.00  TNS: 0.00  Number of Violating Paths: 0


  Design (Hold)  WNS: 0.00  TNS: 0.00  Number of Violating Paths: 0

  --------------------------------------------------------------------



ROPT:    (SETUP) WNS: 0.0000 TNS: 0.0000  Number of Violating Path: 0
ROPT:    (HOLD) WNS: 0.0000 TNS: 0.0000  Number of Violating Path: 0
ROPT:    Number of DRC Violating Nets: 0
ROPT:    Number of Route Violation: 0 
1
report_timing -max_paths 10 > $REPORT_DIR/timing_post_route.rpt
report_area > $REPORT_DIR/area_post_route.rpt
report_power > $REPORT_DIR/power_post_route.rpt
report_constraint -all_violators > $REPORT_DIR/constraints_post_route.rpt
report_qor > $REPORT_DIR/qor_post_route.rpt
write_verilog -no_physical_only_cells $OUTPUT_DIR/riscv_core_synth_saed90nm_postroute.v
Generating description for top level cell.
Processing module regfile
Processing module riscv_core_synth
Elapsed =    0:00:00, CPU =    0:00:00
Write verilog completed successfully.
1
write_sdc $OUTPUT_DIR/riscv_core_synth_saed90nm_postroute.sdc
1
write_sdf $OUTPUT_DIR/riscv_core_synth_saed90nm_postroute.sdf
Information: Annotated 'cell' delays are assumed to include load delay. (UID-282)
Information: Writing timing information to file '/home/vdevaraj/Projects/RISC_v_single_cycle/backend/icc90/outputs_ref/riscv_core_synth_saed90nm_postroute.sdf'. (WT-3)
1
save_mw_cel -as ${TOP}_postroute
Information: Performing CEL netlist consistency check. (MWDC-118)
Information: CEL consistency check PASSED. (MWDC-119)
Information: Saved design named riscv_core_synth_postroute. (UIG-5)
1
close_mw_lib
Removing physical design 'riscv_core_synth'
1
puts "ICC SAED90nm layout with extracted ref completed."
ICC SAED90nm layout with extracted ref completed.
exit

Memory usage for this session 408 Mbytes.
Memory usage for this session including child processes 408 Mbytes.
CPU usage for this session 43 seconds ( 0.01 hours ).
Elapsed time for this session 80 seconds ( 0.02 hours ).

Thank you...
Exit IC Compiler!
